id,age,sex,cognitive_task,physical_position,nfc_total,fii_total,time_on_crt,crt_total,belief_in_god,certainty_of_belief_in_god,frequency_of_prayer,duration_of_prayer,frequency_of_religious_services,religious_denomination,denomination,engagement_in_cognitive_task,physical_position_model_legs_q1,physical_position_model_legs_q2,physical_position_model_legs_q3,physical_position_model_hands_q1,physical_position_model_hands_q2,physical_position_model_hands_q3,physical_position_model_head_q1,physical_position_model_head_q2,physical_position_model_head_q3,physical_position_model_body_q1,physical_position_model_body_q2,physical_position_model_body_q3,Goal,crt_1,crt_2,crt_3,crt_4,crt_5,crt_6,crt_7,nfc_1,nfc_2,nfc_3,nfc_4,nfc_5,nfc_6,nfc_7,nfc_8,nfc_9,nfc_10,nfc_11,nfc_12,nfc_13,nfc_14,nfc_15,nfc_16,nfc_17,nfc_18,fii_1,fii_2,fii_3,fii_4,fii_5,fii_6,fii_7,fii_8,fii_9,fii_10,fii_11,fii_12,reaction_time_crt_1,reaction_time_crt_2,reaction_time_crt_3,reaction_time_crt_4,reaction_time_crt_5,reaction_time_crt_6,reaction_time_crt_7
187,21,1,2,1,65,45,145678,1,1,7,2,4,3,Lutheran-Missouri Synod,1,4,1,1,1,1,2,2,2,2,3,1,2,2,I want my max on bench press to be 230 pounds,5 cents,100 minutes,24 days,2 days,15,$10,b,4,5,2,3,2,5,3,2,4,4,4,1,3,4,4,2,3,4,3,3,3,4,4,4,4,4,3,4,4,5,18938,19937,32620,24950,9687,20670,18876
184,19,1,2,1,60,37,578996,0,1,7,5,2,5,Christian,1,5,1,2,2,1,2,1,3,2,3,1,2,2,I will have a good amount of money saved up coming back from the summer to buy a car,$0.10,1 hour 40mins,24,60,1,10,B,3,4,2,4,2,3,2,2,4,4,4,1,2,3,4,2,2,3,4,2,4,2,2,4,4,2,2,3,4,4,47827,59779,80589,250911,34351,51675,53864
183,21,2,1,1,65,42,236683,6,1,1,5,1,5,Lutheran Christian,1,4,1,2,2,1,1,1,2,3,2,1,2,1,Get hired at a second job for the summer.,$0.05,100 minutes,47,4,29,$20,c.,3,4,2,2,1,4,2,4,1,5,4,2,4,4,4,5,2,2,4,4,5,5,3,4,2,4,2,2,5,2,44694,19958,13588,60684,10670,29203,57886
185,21,2,1,1,64,38,383295,3,1,7,5,3,5,Non-denominational Christian,1,5,1,4,1,1,1,1,2,2,3,2,3,2,Gain a research assistantship after graduation.,0.05,100,47,9,30,$10,c,3,4,3,2,1,5,3,2,3,4,4,2,3,4,4,4,1,4,4,4,4,4,3,4,2,4,2,2,1,4,78688,58188,28658,74990,30254,26473,86044
182,19,2,2,2,41,32,316207,4,1,7,5,3,6,Catholic,1,3,3,3,1,1,1,1,2,2,2,1,1,1,Lose 10 pounds,$0.05,100 minutes,47 days,4 days,29,$10.00,b,3,4,4,3,2,1,4,5,4,1,2,4,4,1,3,4,2,1,1,4,2,3,2,2,2,4,2,4,2,4,21372,29625,20046,76641,32307,37336,98880
186,22,1,1,2,58,46,211278,3,1,7,5,1,3,Christian,1,2,3,3,1,1,1,1,2,3,3,1,1,1,I would like to pay off my four credit cards,0.05,5 minutes,24,4,30,10,b,3,4,2,2,2,3,5,2,2,4,4,3,4,4,2,2,4,4,4,4,5,5,4,5,4,2,2,4,3,4,38100,49140,26083,49003,7893,15319,25740
178,29,2,1,1,73,51,203543,0,1,6,1,1,1,agnostic,3,5,1,1,2,2,2,2,3,2,2,1,1,1,lose 20lbs,0.1,500,24,9,31,10,b,4,4,1,1,1,5,2,2,2,5,4,2,5,5,5,3,4,4,4,5,4,4,4,5,4,4,4,4,4,5,13010,20358,15896,64970,7862,17690,63757
143,18,2,1,1,55,48,206515,0,1,5,2,2,2,None,2,3,1,4,2,1,2,1,3,2,2,2,3,1,A 3.5 GPA,0.1,100 minutes,24 days,6 days,30,$10,b,2,2,3,1,3,2,2,3,4,3,4,3,4,4,4,4,1,2,4,4,5,5,2,4,5,3,5,5,2,4,14268,19804,22311,49192,15862,50392,34686
36,21,2,2,1,52,37,167713,0,1,7,5,3,5,Catholic,1,2,1,1,1,3,3,1,2,2,2,1,1,1,I want to pass my psychological stats final exam with atleast a 80%,0.1,50,24,9,1,$10,b,2,4,2,4,3,3,2,2,4,2,4,2,2,2,2,2,2,2,2,2,4,3,4,2,2,4,2,4,4,4,12075,20784,15600,23026,12542,32237,51449
163,19,1,2,1,51,44,250068,0,1,7,5,2,4,Christian,1,3,1,1,1,1,1,1,1,2,2,1,2,2,My goal within the next few months is to adjust the way I keep myslelf healthy and fiit so I plan on losing at least 10 more lbs within the 3 months.,0.1,100 mins,24 days,2 dyas,30\,90,b,4,4,3,4,3,4,4,3,4,3,4,4,4,4,4,5,4,4,4,3,3,3,4,4,4,3,4,3,4,5,21622,21669,78688,17613,13042,33181,64253
169,18,2,1,1,55,36,155610,0,1,1,4,3,5,Christian,1,4,1,1,1,2,2,1,2,2,2,1,1,1,Workout on a more scheduled basis instead of just not doing it some days.,0.1,100,24,6,15,0,b,3,3,2,3,2,4,2,3,4,3,3,2,3,4,4,5,3,5,3,4,3,4,1,3,3,1,1,4,5,4,13946,8877,21747,9813,44553,26177,30497
159,19,2,1,1,39,47,237111,0,1,2,5,4,4,Catholic,1,5,1,1,2,1,1,1,3,2,2,1,1,1,Lose 5 pounds,$0.10,100 minutes,24 days,9 days,30,$10,b,1,4,4,4,4,1,4,2,4,2,4,2,1,3,2,5,4,4,5,4,4,4,4,3,4,5,4,2,4,4,20249,16941,17129,32978,36490,81469,31855
7,18,2,2,1,61,49,182282,0,1,7,4,10,5,catholic,1,5,1,1,1,2,1,1,2,2,3,1,1,2,I would like to earn an 3.8 GPA first semester,0.1,20,24,9,15,10,b.,5,5,2,1,2,5,5,4,3,5,4,5,4,4,5,4,4,4,4,4,4,4,4,5,4,4,4,5,2,5,15943,29548,15553,23322,28876,35194,33846
83,18,1,2,1,50,46,290902,0,1,6,4,6,4,Christian Catholic,1,3,1,1,1,2,1,1,2,2,2,1,1,1,I would like to lose 15 pounds in the next 3 months,0.1,100 minutes,24,3 days,15,$10,b,3,3,4,4,2,3,2,3,3,3,3,2,3,3,3,4,4,2,4,4,4,4,4,3,4,4,4,3,3,5,13619,26644,43385,79807,18939,70793,37715
114,18,1,2,1,59,54,271488,0,1,7,4,1,5,Christian,1,5,1,1,1,1,1,1,2,2,2,1,1,1,Make connections so that I can start getting experience with sports management,10 cent,100 minutes,24 days,3 days,1,$10,b. is ahead of where he began,3,4,2,2,2,2,2,2,2,4,2,2,2,5,5,4,4,3,5,5,4,4,5,5,4,5,4,5,4,4,65379,41420,17862,43008,25818,21341,56660
165,20,2,2,1,37,47,96514,0,1,6,2,2,4,Episcopalian,1,4,1,1,1,2,1,1,3,2,3,1,1,1,I would like to lose 5-10 pounds within the next 3 months.,$0.10,100,24,9,30,$10,a,2,3,4,4,4,2,4,4,4,4,3,4,2,1,2,4,4,3,4,4,4,4,4,5,4,4,4,4,2,4,11700,11091,10389,19488,5195,15927,22724
1,20,2,2,1,58,46,102836,0,1,5,2,3,4,Catholic,1,3,1,1,1,1,1,1,2,2,2,1,1,1,Get a 4.0 in all my classes,0.1,100 minutes,24,3 days,1,30,a,5,5,4,4,3,5,1,4,4,5,4,1,1,4,2,5,1,5,2,4,4,5,4,5,3,4,4,4,5,2,6959,17878,11481,17160,11559,18377,19422
18,18,2,2,1,54,35,179781,0,1,7,4,4,5,Christian,1,4,1,1,1,1,1,1,3,3,3,1,1,1,Eating healthier,0.1,100,96,2,1,10,b,2,2,2,3,3,3,2,2,4,3,3,3,2,4,3,2,1,5,3,3,2,4,2,4,4,1,1,3,4,4,8720,19359,31711,26239,12230,37421,44101
144,19,2,2,1,60,53,400301,0,1,7,6,5,2,Islam,4,4,1,1,1,2,2,2,2,3,3,1,2,2,Improve my grades and GPA,$0.10,100 minutes,24,8,1,$30,b. is ahead of where he began,4,4,1,2,2,2,2,3,5,3,4,2,1,4,4,2,1,5,5,5,5,5,5,5,5,4,5,3,3,3,37151,29521,36822,92448,29074,19504,155781
198,20,2,1,1,55,51,157134,0,1,6,5,2,4,christian,1,3,1,2,4,1,1,1,2,2,2,1,2,3,lose 10 pounds,0.1,100,24,9,30,10$,b.,2,4,2,4,2,2,3,5,2,3,3,2,4,4,4,1,4,4,4,5,5,5,3,4,4,4,4,4,4,5,12246,11092,17457,15756,16084,32030,52469
86,18,2,1,1,35,47,312633,0,1,5,3,4,4,Catholic,1,4,1,2,2,1,1,1,2,2,3,1,1,2,I would like to cut out soda from my diet.,$0.10,100,24 days,9 days,15,$10,a,1,1,4,4,4,1,4,5,4,3,2,4,3,4,2,5,2,2,4,4,4,5,4,4,4,5,1,5,2,5,31169,8393,24960,46907,23521,82063,95620
108,18,2,2,1,58,50,200312,0,1,5,2,6,2,Catholic,1,5,1,2,1,2,1,1,3,2,2,1,1,1,A goal I wish to accomplish in 3 months is to gain 10 pounds by eating healthier and working out every day.,0.1,1 hour and 40 minutes,24 days,6 days,1 student,$10,a,2,5,1,2,2,1,2,2,4,4,4,2,4,4,4,5,4,1,4,5,4,5,5,4,5,1,4,5,3,5,20701,39211,25911,33836,19235,30608,30810
97,20,2,1,1,56,43,279461,0,1,7,4,3,4,Catholic,1,4,1,2,1,2,1,1,2,3,3,1,2,2,I would like to lose 10 pounds.,10 cents,100 minutes,24 days,9 days,1 student,$10,B,2,4,3,2,3,3,3,3,2,3,4,2,3,4,3,4,2,4,4,2,4,4,4,3,4,2,3,4,5,4,19542,52118,35139,34773,51511,44071,42307
60,18,2,1,1,70,57,282198,0,1,6,2,3,3,Catholic,1,5,1,2,1,1,1,1,3,3,3,2,2,1,I would like to lose ten pounds in three months.,$0.10,100 minutes or 1 hour and 40 minutes,24 Days,2 days,30 Students,$10 dollars,b,3,4,4,1,2,4,1,2,1,4,5,1,4,5,5,4,2,3,5,5,5,5,5,5,4,5,4,5,4,5,47252,68905,17706,25568,26687,57829,38251
72,18,2,1,1,64,49,282992,0,1,4,2,3,1,Christian,1,3,1,2,1,1,1,1,3,3,3,2,2,2,I would like to become a better leader and role model to others. Another goal with that is I would like to stop cussing.,.10 cents,100 minutes,24 days,2 days,30,30,b,4,5,4,1,2,4,1,3,4,4,5,2,3,5,5,4,4,4,4,5,3,4,5,5,4,4,4,4,2,5,21965,33766,26953,25740,23306,73520,77742
105,20,2,1,1,52,49,324439,0,1,5,2,3,4,catholic,1,2,1,2,1,1,1,1,3,3,2,1,2,1,lose twenty pounds,0.1,100 mintues,22,2 days,only 1,30,b,2,3,2,3,3,1,2,4,4,5,3,2,3,2,3,2,2,2,4,5,5,5,4,4,5,3,4,4,2,4,51293,19874,44107,107109,14569,39236,48251
56,20,2,1,1,41,46,208404,0,1,6,4,4,5,Christian,1,5,1,2,1,1,1,1,3,3,3,2,2,2,Budget money more efficiently,10 cents,100 minutes,24,3 days,30,$10,a,1,2,2,4,4,2,4,4,4,2,4,2,2,3,2,5,2,5,2,4,5,4,4,4,5,5,1,4,4,4,25179,26213,24149,46377,19593,28875,38018
122,18,2,2,1,47,44,273929,0,1,7,4,3,5,Roman Catholic,1,5,1,3,1,2,2,2,2,2,2,1,1,2,Become physically fit by losing body fat and gaining lean muscle.,$0.10,100 minutes,24 days,9days,one,$30,b. is ahead of where he began,2,2,1,4,2,1,4,2,4,4,4,2,2,3,2,4,4,4,4,2,2,4,3,4,4,5,4,4,4,4,23182,18860,19375,45099,24925,72787,69701
2,20,2,1,1,62,38,300608,0,1,6,2,3,3,Catholic,1,4,1,3,1,1,1,1,2,2,2,1,1,1,To do well on my final exams this semester.,$0.90,100 minutes,24 days,6 days,30,$10,A,4,3,1,2,1,2,2,2,4,4,4,1,2,4,2,2,2,2,2,4,4,3,2,4,4,2,2,4,3,4,48719,20795,80818,40435,12683,39921,57237
68,19,2,2,1,58,39,187571,0,1,1,2,10,4,muslim,4,3,1,3,3,2,1,1,2,2,2,1,1,1,Take the CNA class and pass the exam,0.1,100,24,9,15,10,a,3,4,3,2,1,3,2,3,4,4,4,3,2,4,3,2,3,2,2,4,4,4,4,4,4,2,2,4,2,3,9891,25069,20514,38247,20592,45521,27737
100,19,2,2,1,48,59,148039,0,1,7,1,1,3,Luthern,1,4,1,3,1,2,1,1,2,2,2,1,1,1,Start getting back into dance and make the dance team.,0.1,100 minutes,24,9,30,$10,b,2,3,2,4,2,5,2,2,5,2,2,2,1,2,2,4,2,5,5,5,5,5,5,5,5,5,5,4,5,5,12823,17238,32261,14231,11559,19492,40435
155,21,2,2,1,48,42,147056,0,1,7,5,4,4,Nondenominational Christian,1,4,1,3,1,2,1,1,2,3,3,1,1,2,Exercise 5 days a week,10 cents,100 minutes,24,9,30,$10,B,3,3,2,3,3,1,2,5,5,5,4,3,1,4,3,5,2,2,2,3,4,3,2,4,3,4,4,4,5,4,9222,16231,15818,22604,16880,22090,44211
102,18,2,1,1,63,48,261809,0,1,5,5,2,5,Lutheran Christian,1,2,1,3,3,1,1,1,3,3,3,2,2,2,My goal is to improve on the saxophone by practicing 3 times a week.,$0.10,100 minutes,24,3days,30,$0,b,4,4,2,2,2,2,4,4,2,4,5,2,4,4,4,2,2,4,4,4,5,4,4,4,4,4,2,4,5,4,29468,29199,26177,44188,28722,43571,60484
164,21,2,1,1,33,33,316422,0,1,7,4,4,2,Christian,1,3,1,4,1,2,1,1,2,2,2,1,3,1,Eat healthier and go to the gym at least 4 times a week.,10 cents,100 minutes,24,9 days,30,$10,b.,1,1,3,3,4,2,5,4,3,2,2,3,2,2,2,5,5,4,3,3,2,3,3,3,3,3,3,3,2,2,28411,31106,45493,76492,28439,68012,38469
76,22,2,2,1,40,42,226510,0,1,6,4,4,3,catholic,1,3,1,4,1,1,1,1,3,2,2,2,3,1,I would like to loose 15 pounds.,.10 cents,100 minutes,24,6,15,$10,b,2,2,4,3,4,2,4,3,5,3,3,2,3,3,3,5,5,3,4,5,4,3,4,4,3,4,3,3,2,3,19110,13915,18315,27781,46083,63830,37476
64,19,2,1,2,41,49,227957,0,1,4,3,5,3,Christian,1,4,3,1,1,1,1,1,3,2,2,1,2,1,I want to lower my cholesterol intake,0.1,100 minutes,24 days,6 days,30,10 dollars,b.,1,2,3,3,2,1,2,3,4,2,4,4,2,3,2,5,4,4,4,5,5,4,4,5,5,4,1,4,3,5,22682,21809,22755,44850,50638,20654,44569
199,21,2,2,2,72,42,196437,0,1,5,3,4,4,Catholic and Greek Orthodox,1,4,3,1,1,1,1,1,2,3,2,1,1,1,Get into grad school,$0.10,100 minutes,24 days,9.5 days,30,$10,b,4,5,2,4,1,5,1,1,3,2,4,1,4,5,5,1,2,2,3,2,4,4,3,2,5,3,2,5,4,5,29874,17644,13634,37222,23281,35158,39624
121,20,2,2,2,55,41,375122,0,1,6,2,1,3,Christian,1,4,3,1,1,1,1,1,3,3,3,2,2,2,Pass all my classes with a 3.5 GPA or higher.,$0.10,100 minutes,24 days,2 days,15,$30,b. is ahead of where he began,4,2,2,4,2,2,2,2,4,4,4,1,1,2,3,2,2,4,4,5,2,2,5,5,2,1,3,4,4,4,66176,28065,28240,44164,21423,56254,130800
160,19,2,2,2,45,47,202775,0,1,4,3,6,1,Christian,1,3,3,1,1,1,1,1,2,3,1,1,1,1,Raise my GPA after  this semester,0.1,50,24,2,30,$10,b,2,1,2,4,2,4,4,4,4,4,1,1,2,2,2,4,2,5,4,4,4,4,4,4,4,4,3,4,3,5,12995,48719,12736,50653,19047,20685,37940
61,22,1,2,2,34,53,223746,0,1,7,5,2,4,Christian,1,4,3,1,1,2,1,1,3,3,3,1,1,1,Graduate from CMU.,0.1,100,8,2,15,$10,b,1,2,4,5,5,4,5,5,5,5,2,5,5,4,1,5,5,1,5,5,4,3,4,3,5,5,5,5,4,5,17269,18766,53831,34695,14383,44273,40529
119,20,2,1,2,72,49,456607,0,1,7,6,10,6,Christian,1,5,3,1,2,1,1,1,2,3,3,2,2,2,My goal is to do my best in all of my classes this semester and not worry about grades.,10 cents,100 minutes,24 days,9 days,30 students,0,b,4,4,1,1,1,3,2,2,1,3,4,1,3,5,4,2,1,4,4,5,5,5,4,4,3,4,3,3,5,4,51803,28439,117617,152293,23712,24352,58391
20,19,2,1,2,41,52,217064,0,1,5,1,2,1,Cathloic,1,5,3,1,1,1,1,1,3,3,2,1,1,1,Recieve a 3.0 GPA,0.1,100 minutes,24,2 days,30,0 no profit,b.,2,2,4,4,2,2,4,4,2,4,2,2,2,2,2,5,4,2,4,4,5,4,4,4,5,4,4,4,5,5,23072,28345,25678,43764,21278,43446,31481
168,18,1,1,2,54,47,234254,0,1,4,1,2,1,christian,1,3,3,1,1,1,1,1,2,3,3,1,1,1,Gain Five pounds of muscle,0.1,1 minute,24,3 days,30,120,b,3,2,2,2,3,3,4,2,4,3,4,2,2,4,4,2,4,4,4,4,4,4,3,4,3,5,4,4,4,4,15803,38579,15523,46466,25624,49624,42635
161,22,2,1,2,37,47,256328,0,1,5,2,2,3,Catholic,1,4,3,1,1,1,1,1,3,3,3,2,2,1,To decide where I am going to go to Grad school next spring,0.1,100,24,6,15,30,b,2,2,4,3,4,2,4,4,4,2,2,2,2,4,2,5,5,4,4,4,4,4,4,4,4,4,4,4,3,4,22276,36328,15318,74178,16271,35474,56483
158,19,2,1,2,50,40,170426,0,1,1,1,1,1,Non practicing Catholic,1,3,3,2,2,1,1,1,2,2,2,1,1,2,I would like to stop drinking soda coffee and cut out candy bars.,0.1,1000,12,9,30,$10,b,2,1,1,4,1,5,1,4,5,4,1,5,4,4,2,5,1,4,4,5,5,4,4,3,5,1,4,3,1,1,9750,8690,37003,23011,10826,61053,20093
54,20,2,2,2,64,46,166761,0,1,5,4,4,4,Roman Catholic,1,5,3,2,2,2,1,1,2,2,3,1,1,2,I would like to lose some weight.,0.1,100 minutes,96 days,18 days,15,$10,b,4,4,2,1,2,3,1,2,4,5,4,2,5,2,3,5,1,3,4,4,5,4,4,5,5,4,3,4,1,3,19671,21143,31527,15085,16724,36341,26270
174,22,1,1,2,67,47,262600,0,1,7,2,4,3,Catholic,1,5,3,2,2,1,2,1,3,2,2,1,1,1,Work out 2-4 times a week frequently,10 cents,20 minutes,24 days,9 days,15,80 dollars,b,4,5,1,1,2,4,2,4,4,4,5,1,4,5,4,2,5,2,4,5,4,4,3,4,5,2,3,5,4,4,12636,64039,20654,32921,34944,55910,41496
84,18,2,1,2,54,37,267561,0,1,6,3,1,5,Catholic,1,3,3,2,1,1,1,1,2,3,3,1,2,2,I would like to lose 10 pounds.,$0.10,An hour and 40 minutes,96,72,30,10,b,3,4,2,3,2,3,2,3,4,2,2,3,3,3,4,4,1,4,3,3,3,3,2,3,4,2,3,4,3,4,22651,46218,27581,37534,12527,51620,69430
104,19,2,1,2,48,44,192253,0,1,7,4,3,1,Christian,1,2,3,2,1,1,1,1,3,3,3,1,1,1,Lose 5 pounds in 3 months is my goal,$0.10,1 minute and 40 seconds,24,2,1,$10,B. Is ahead of where he began,2,3,2,3,2,2,4,4,4,3,3,2,2,3,3,3,3,4,2,4,4,4,4,4,5,2,2,4,4,5,21653,39106,28143,33649,9750,20296,39656
58,22,2,1,2,79,39,307034,0,1,5,3,3,4,Baptist,1,2,3,2,1,1,1,1,3,3,3,1,2,2,I would like to be better at self-motivating with regards to school tasks.,10 cents,1 hour and 40 minutes,24 days,9 days,15 students,zero dollars,B.,5,5,1,1,1,5,1,4,1,5,5,1,5,5,5,4,1,4,4,4,4,4,3,3,2,4,3,3,2,3,21013,30467,29391,30935,42001,84028,69199
3,19,2,1,2,53,49,194953,0,1,6,2,3,4,Christian,1,5,3,2,1,1,1,1,3,3,3,1,1,1,I would like to have started to plan my trip to study abroad in the summer of 2017.,0.1,100 minutes,24,18 days,30 students,$10,b,2,4,4,4,2,1,1,5,2,4,4,2,4,2,4,4,2,2,4,5,4,5,2,5,4,5,2,4,5,4,13962,23518,21559,18299,23872,62075,31668
35,18,2,1,2,42,47,189592,0,1,6,4,3,4,Catholic,1,4,3,2,1,1,1,1,3,3,3,1,2,2,"Try to get my grades up only A""s and B""s",0.1,100 minutes (or 1hour and 40 minuets),24,6,15,$10,B,1,3,3,4,2,2,3,4,5,4,2,3,3,3,2,5,3,4,3,5,5,4,4,3,5,4,4,3,4,3,17847,58734,14929,27254,15632,28864,26332
71,20,1,1,2,63,47,187408,0,1,5,2,2,3,Raised Catholic,1,2,3,2,1,2,1,3,3,3,3,2,2,2,Apply/obtain for an internship for the summer,0.1,100,24,2 days,30,0,b,4,5,3,1,1,2,4,4,4,4,4,1,4,5,4,4,1,5,4,4,4,4,5,4,5,2,1,4,5,5,24446,42359,13135,29809,15475,16973,45211
21,19,2,2,2,49,55,124752,0,1,6,4,2,1,christian,1,3,3,2,1,2,1,1,3,3,3,1,2,2,Get in excellent shape for hockey,0.1,100 minutes,24 days,6 days,30,$10,a,3,4,3,2,3,3,3,3,5,3,4,3,3,2,4,5,4,5,5,5,5,5,3,3,5,5,5,4,5,5,17987,16037,11305,13993,11169,28844,25417
49,20,2,1,2,60,39,166709,0,1,5,2,3,1,Christian,1,5,3,3,1,3,2,1,3,1,3,2,1,2,Sleeping an adequate amount of time in a week (i.e. more than 3 hours a day/night),$0.10,100,24,9,30,$0,b,5,2,1,2,3,4,2,5,5,4,4,2,3,5,4,3,2,5,1,4,1,5,4,3,4,5,1,5,1,5,27675,15107,15756,17316,14664,43493,32698
107,18,2,2,2,53,48,254582,0,1,7,6,2,5,Christian,1,3,3,3,3,1,1,1,2,1,3,1,1,2,"I would like to learn how to be more sensitive to other people""s needs wants and feelings.",.10cents,1 minute,24 days,18,15,10 dollars,b. is ahead of where he began,2,4,3,5,2,1,4,2,3,5,4,2,2,5,4,5,2,5,5,4,4,4,2,3,3,5,5,4,4,5,21893,31418,15667,37955,16271,18610,112768
109,19,2,2,2,55,41,159843,0,1,5,2,1,2,Nondenominal,1,4,3,3,1,2,1,1,2,2,2,1,1,1,Be accepted into the major of Communication Disorders here at Central Michigan University,0.1,100 minutes,24,12 days,30,$10,b,5,2,2,1,2,1,2,1,2,4,2,2,1,5,2,5,4,1,2,4,4,4,4,5,5,4,2,2,1,4,28961,16863,12542,39780,10701,22932,28064
79,19,1,1,2,45,53,117243,0,1,6,2,3,3,Greek Orthodox Christian,1,2,3,3,1,1,1,1,2,2,3,1,1,2,Go to the gym regularly (5-6 times a week),.10 cents,100 minutes,24,2,30,10,b,2,4,2,4,5,1,5,2,5,3,3,4,1,3,4,1,2,5,3,5,5,4,5,5,5,5,5,5,1,5,12480,15007,18985,23790,7847,17044,22090
118,19,2,2,2,54,48,258256,0,1,7,4,3,4,Catholic,1,5,3,3,1,2,1,1,2,2,2,1,1,1,My goal is workout at least 3 times a week and to decrease my intake in unnecessay junk food I eat throught the day.,0.1,100,24,3,15,10,b,2,2,2,4,2,5,2,1,4,2,4,1,2,3,4,4,4,5,2,5,4,5,3,4,5,4,5,4,3,4,54881,14945,22106,28283,40419,30996,66626
34,21,2,2,2,56,53,406420,0,1,7,6,1,3,Christian,1,4,3,3,3,2,2,1,2,2,2,1,1,1,to find a well paying internship for summer 2017,0.1,20,24,9,15,10,a,4,4,3,3,4,4,3,4,4,4,4,1,3,4,5,4,4,4,4,5,4,4,5,4,5,4,4,4,5,5,25146,42046,81861,31481,55180,60981,109725
9,18,1,2,2,49,43,171917,0,1,7,4,2,4,nondenominationalchristian,1,2,3,3,3,2,1,1,3,3,3,1,1,1,Increase higher range on trombone,0.1,100 minutes,24,3,30,0,b,3,4,2,3,2,2,3,4,4,3,3,3,2,3,2,3,3,4,2,3,5,4,4,3,4,4,4,3,4,3,12371,35942,14415,17487,12215,20214,59273
69,18,2,2,2,41,45,201528,0,1,5,2,2,3,Catholic,1,4,3,3,3,1,1,1,1,3,3,1,1,1,read at least 2 books,$0.10,100 minutes,96 days,7,30,$30,b,2,1,3,3,4,1,1,5,4,4,2,3,2,3,4,5,4,3,3,4,2,4,2,4,3,4,5,5,4,5,15225,21138,36380,27443,25354,26146,49842
142,20,2,2,2,44,42,170781,0,1,7,2,1,2,Lutheren,1,4,3,3,3,1,1,1,2,3,2,1,2,1,I want to save an extra $250 dollars in my savings account,.10 cents,100 min,24 days,9 days,15,70$,b. is ahead of where he began,2,2,4,4,2,2,4,2,4,4,4,2,1,1,2,4,2,2,4,4,4,4,2,4,2,4,4,1,5,4,15076,24189,20841,24556,28180,21043,36896
29,21,2,2,2,59,47,329611,0,1,7,5,3,5,Christian,1,2,3,3,1,1,1,1,2,3,3,1,2,4,My goal is to pick a topic for my independent study.,0.1,100 minutes,24,9,1,$10,B,2,4,2,1,1,2,4,3,2,5,5,2,1,5,3,5,2,2,4,4,5,4,4,5,4,2,3,4,4,4,28907,19469,34538,52313,66986,69833,57565
113,21,2,1,2,35,51,208556,0,1,2,2,1,2,Christian,1,2,3,3,1,2,1,1,3,3,2,1,2,2,Lose 5 lbs,$0.10,100 minutes,24 days,2 days,30,$30,b,2,2,4,5,4,2,4,5,4,3,2,4,2,2,4,4,4,4,4,5,5,4,4,3,4,5,4,4,5,4,22043,17800,14165,36644,29104,53417,35383
103,18,2,2,2,52,45,142520,0,1,7,5,6,5,Roman Catholic,1,3,3,4,1,1,1,1,3,2,3,2,3,1,Pass all of my finals,1,100,24,72,15,10,b,2,4,4,3,2,2,2,4,3,3,5,2,2,5,3,5,3,4,3,4,4,4,3,4,4,3,2,4,5,5,12183,9950,12605,53274,15039,23213,16256
27,20,2,2,2,55,45,186598,0,1,5,4,1,3,Catholic,1,3,3,4,1,1,1,1,2,3,3,1,3,2,Drink three bottles of water a day,$0.10,100 minutes,24 days,18 days,15,$90,b. is ahead of where he began,2,3,2,3,2,2,2,2,3,3,4,2,3,3,3,3,3,4,4,4,4,4,4,4,4,4,1,4,4,4,28124,20835,21980,19204,20716,37909,37830
48,22,1,1,1,60,53,210964,1,1,6,2,1,2,"I don""t have a religious denomination.",2,3,1,1,1,1,1,1,3,3,3,2,2,2,Win a MAC conference title in wrestling.,0.1,100 minutes,24,3 days,30,$20,b.,4,4,4,2,2,3,2,4,3,4,4,1,3,5,3,3,3,5,4,5,4,5,4,5,4,4,5,4,5,4,14680,15398,28376,36379,14805,60792,40534
95,18,2,1,1,66,55,189384,1,1,4,2,1,2,none,2,2,1,4,4,2,1,1,3,2,2,1,3,3,"Earn all A""s next semester",0.1,100,28,3,1,20,b,4,5,2,4,1,4,4,1,2,1,5,1,5,5,4,2,4,4,5,5,5,5,5,5,5,4,2,4,5,5,15663,30963,19765,23369,6583,58019,35022
55,18,2,2,1,48,44,276751,1,1,6,5,3,4,Christian,1,3,1,1,1,1,1,1,3,1,1,2,4,4,Recieve a final g.p.a of 3.0 or higher for my first year of high school.,10 cents,100 minutes,24 days,8 days,15,20 dollars,b,3,2,3,2,3,1,2,4,3,3,4,3,3,3,4,5,4,3,3,4,3,4,4,4,2,4,4,4,4,4,19718,40640,40139,61958,11653,36223,66420
11,21,2,1,1,75,52,210821,1,1,7,5,2,3,Christian,1,4,1,1,1,1,1,1,1,1,1,1,1,1,"Bring my grades up to all A""s",$0.10,100,24,6 days,1,$20,B.,4,5,1,2,1,4,1,4,1,5,5,1,3,4,5,2,1,4,5,5,2,4,5,4,5,4,4,4,5,5,26106,9376,13244,51027,27212,22932,60924
153,20,2,1,1,74,37,196134,1,1,5,2,2,3,I used to be a devout Lutheran. Now yo,1,5,1,1,2,1,1,1,2,2,2,1,1,1,Decide on what I want to study in graduate school.,0.05,100 minutes,24,3 days,30,"He hasn""t ma",b,4,4,1,2,1,4,2,4,2,5,4,1,4,5,5,1,1,5,2,2,2,4,2,4,2,5,4,4,2,4,39000,23805,23473,30154,14602,43665,21435
129,18,2,1,1,65,31,222831,1,1,1,2,5,5,catholic,1,4,1,1,4,1,1,2,2,2,2,2,1,3,save 500 dollars in my bank account,10 cents,100 minutes,24 days,4 days,30,none,b,4,5,1,2,2,2,2,2,2,4,4,1,4,2,4,4,2,5,2,2,2,2,5,4,4,2,2,2,2,2,25600,19438,14586,67337,28907,32721,34242
93,18,2,2,1,49,45,235433,1,1,4,2,1,2,Methadist,1,4,1,1,1,2,1,1,2,2,2,1,1,1,To start on the Varsity Softball team at CMU as the short stop.,$0.10,20,24,9,30,$20,b,2,2,2,2,3,4,2,4,4,2,4,2,3,3,2,4,4,4,4,3,4,3,4,4,4,4,3,4,4,4,27331,27908,21029,32213,14290,69449,43213
177,22,2,2,1,47,45,355969,1,1,6,1,1,3,Christian,1,3,1,1,1,2,1,1,2,2,2,1,1,1,Eat healthier,0.1,100 minutes,140 day,18 days,30,$20,a,2,2,2,4,3,2,4,3,2,2,2,2,2,3,4,4,2,4,4,4,4,3,4,5,4,4,4,3,3,3,23961,85645,49940,39996,36733,86746,32948
32,18,2,2,1,49,42,213664,1,1,7,6,2,2,christian,1,5,1,1,1,1,1,1,2,2,2,2,2,2,my goal is to stay motivated and dont give up,$1,1 hour and 40 minutes,24 days,3 days,30,90,c,4,3,3,4,4,3,3,3,4,3,4,3,4,3,3,5,3,4,3,4,2,3,4,3,5,3,1,5,5,4,29932,30302,18861,60309,16801,34184,23275
126,18,1,2,1,40,53,358478,1,1,5,2,1,2,Evangelical Christian,1,3,1,1,1,1,1,1,2,2,3,1,2,2,I would like to get a 3.75 GPA or higher this semester and get involved in 2 clubs.,$0.10,100,24 days,6 days,15,$20,b,2,2,4,4,4,1,4,5,4,2,2,2,4,4,2,4,2,4,4,4,4,4,5,3,5,5,5,5,4,5,43917,53348,45646,49124,33020,48329,85094
101,18,2,2,1,54,51,400686,1,1,6,4,2,3,Christian,1,3,1,1,1,1,1,1,3,3,3,2,2,2,Lose weight,10 cents,5 minutes,24,9 days,15,90,a,2,2,4,2,2,2,2,4,3,4,4,4,4,4,4,4,1,4,5,5,5,5,4,4,5,4,4,4,2,4,30536,104291,32542,53150,60705,57136,62326
157,21,2,2,1,49,53,234027,1,1,4,2,3,4,catholic,1,3,1,2,1,1,1,1,2,2,3,1,1,1,"get all A""s in my classes",.10 cents,100 mintues,24 days,4 days,one student,10 dollars,b,2,4,3,2,2,3,3,4,5,4,3,3,2,5,2,5,3,2,5,5,5,5,4,5,4,5,3,5,2,5,32791,23775,16208,51730,45084,21412,43027
81,18,2,2,1,48,42,179821,1,1,7,4,3,4,Chrisitan,1,4,1,2,2,1,1,1,2,3,3,1,2,2,Work out at least 3 times a week,0.1,100,24,6,1,90,c,2,3,3,4,3,3,3,3,4,3,3,4,3,4,4,4,3,3,3,4,5,2,2,4,4,4,4,4,2,4,16380,27667,16005,35630,15679,37307,31153
189,20,1,1,1,61,56,193261,1,1,7,4,1,5,lutheran,1,4,1,2,3,1,1,1,3,3,3,1,1,1,Write my personal statement for medical school,0.1,100,24,18,30,20,b,4,5,2,2,1,1,2,4,4,4,4,1,2,4,5,2,4,4,5,5,5,5,4,5,4,5,4,5,4,5,25803,20708,20452,39724,16240,26279,44055
26,18,2,2,1,44,47,230739,1,1,7,5,2,4,Christian,1,2,1,2,4,2,1,1,3,3,2,2,2,3,Get above a 3.0 grade point average,0.1,100 minutes,24 days,9 days,1,$10,c,1,2,5,5,3,3,2,5,4,4,3,2,3,3,3,2,4,4,4,4,5,4,4,4,4,4,4,3,3,4,22074,27974,32792,41138,16957,36078,53726
19,20,2,1,1,54,46,376491,1,1,5,1,2,3,Catholic,1,4,1,3,1,1,1,1,1,1,1,1,1,1,I would like to keep over a 3.5 gpa by the end of this Fall semester.,0.1,50,24,6 days,15,$20,Has lost money,2,4,2,2,2,4,4,4,4,3,4,3,2,2,4,2,2,4,3,4,4,4,4,4,4,4,3,4,4,4,38714,20982,35749,49842,29032,155481,46691
24,19,2,2,1,48,32,221817,1,1,7,5,3,4,Lutheran,1,4,1,3,1,1,1,1,2,2,2,1,1,1,I would like to become more motivated and improve my academic success.,$0.10,1 minute,24 days,3 days,1,$20,b,2,2,2,2,2,2,2,5,4,2,4,1,2,4,2,4,4,4,4,4,2,2,2,2,2,2,2,4,2,4,27830,41565,27800,37856,20171,26785,39810
82,18,2,1,1,55,48,164880,1,1,6,3,2,2,Catholic,1,2,1,3,1,1,1,1,3,3,3,2,1,2,I would like to be able to manage my time better and not procrastinate my assignments for second semester.,0.1,an hour and 40 minutes,24,9,15,$10,C,3,3,3,3,2,2,2,4,4,2,4,2,2,5,3,1,2,2,4,4,5,5,4,3,4,4,2,4,5,4,17702,25366,16490,22127,18969,22074,42152
196,19,1,1,1,45,44,189151,1,1,7,5,3,3,Catholic,1,3,1,4,2,2,1,1,2,2,2,1,3,2,To be playing in the Northwoods League Collegiate Baseball All-Star game.,0.1,5 minutes,24,3,30,10,B,3,4,2,4,2,2,4,4,4,2,4,4,2,2,2,4,2,2,4,4,4,4,2,4,2,4,4,4,4,4,11185,23446,54819,29702,12917,38143,18939
112,19,2,1,1,69,48,234136,1,1,1,2,3,1,Catholic,1,3,1,4,4,1,1,1,3,2,2,2,3,3,Decide on my major,0.1,5 minutes,24,9,30,$10,b. ahead of where he began,3,5,1,4,1,5,2,4,2,4,4,1,5,5,4,3,2,5,3,4,2,5,5,5,4,4,2,5,4,5,22136,31559,16396,35118,42058,41433,45436
59,22,2,2,1,69,49,274661,1,1,7,4,4,3,Catholic,1,3,1,4,1,2,2,1,2,2,2,1,3,1,Complete all requirements needed to apply to nursing.,0.1,100,96,3,30,20,a.,4,5,1,2,3,3,4,2,2,5,5,1,5,4,4,1,4,3,4,5,5,5,5,4,4,4,1,3,5,4,18689,13262,80814,32803,15334,76630,37129
175,18,2,1,1,58,53,171827,1,1,7,5,8,6,Christian,1,5,1,4,1,1,2,1,2,2,2,2,3,1,Be able to hold a conversation in spanish,0.1,3 minutes,24,3,1,10,c,2,4,2,2,2,4,2,2,4,4,2,2,2,4,4,4,2,4,4,5,5,5,5,5,5,5,2,4,4,4,19312,40217,11856,16645,14690,27003,42104
135,21,2,2,2,54,45,127365,1,1,5,2,3,4,uncertain,2,5,3,1,1,1,1,1,2,3,3,1,2,2,I would like to run a half marathon within the next 3 months,0.1,100,24,6 days,15,30,c,2,4,4,2,2,4,4,4,4,4,4,2,4,2,4,4,2,4,4,4,4,3,4,4,4,4,4,3,5,2,13541,17394,9969,28516,6630,14353,36962
152,21,2,2,2,75,43,148998,1,1,7,4,5,4,christian,1,5,3,1,1,1,1,1,2,2,2,1,1,1,Bring all my grades up,0.1,100,24,1,1,20,b,5,5,1,4,3,1,1,1,1,5,5,2,5,5,5,1,1,1,4,4,3,4,2,3,5,5,1,4,4,4,10093,8112,17285,20062,21628,48855,22963
180,20,2,2,2,49,52,166130,1,1,5,1,1,3,Lutheran,1,2,3,1,1,1,1,1,2,2,2,1,1,1,I would like to pass all of my final exams for my classes this semester.,$0.10,100 minutes,24,6,15,$20,b,4,2,2,2,2,2,4,4,4,4,1,2,2,2,4,4,2,4,5,5,5,5,5,5,4,4,2,4,4,4,15959,10265,13822,23162,21045,53196,28681
111,18,2,1,2,37,47,178658,1,1,7,6,4,5,Catholic,1,5,3,1,1,1,1,1,3,3,3,2,2,2,Work out more than twice a week,.10 cents,100 minutes,24,4 days,30,$10,B,2,2,4,4,4,2,4,4,4,2,2,4,2,4,4,5,4,2,2,4,5,4,4,4,4,4,4,4,4,4,22277,19281,41543,20530,21674,20842,32511
45,19,1,2,2,56,55,425704,1,1,1,2,1,4,Baptist,1,4,3,1,1,3,1,1,2,3,3,2,2,2,Improve my study habits,10 cents,100,24,72 days,30,20 dollars,B,2,4,2,1,2,4,3,2,5,5,2,3,4,4,4,5,4,3,5,5,5,5,4,4,5,5,4,4,5,4,55272,37581,115644,45724,54466,37871,79146
136,22,2,1,2,71,44,159247,1,1,6,4,6,3,Christianity,1,3,3,2,1,1,1,1,2,2,2,1,1,1,i would like to buy a car,0.1,100 mins,24,6,30,20,b.,4,4,1,1,1,4,2,2,1,5,4,1,1,4,4,2,2,5,3,4,4,4,4,4,3,4,2,4,4,4,17409,14742,10467,12468,26630,31543,45988
132,24,2,1,2,61,50,316461,1,1,7,6,4,4,Christian,1,4,3,2,3,1,1,1,2,2,2,1,2,1,Master drinking at least 2 litres of water daily,$0.10,100 minutes,24 days,12 days,15,$20,b. is ahead of where he began,4,4,2,2,4,2,2,5,2,5,4,1,4,5,1,2,2,2,5,4,4,4,3,4,4,4,4,5,4,5,22575,23510,25677,43103,61297,44026,96273
17,18,2,2,2,49,44,269640,1,1,6,5,6,4,United,1,4,3,2,2,1,1,1,2,3,3,1,2,2,I would like to be able to compete a vault on hard mats in 3 months.,0.1,1min,24,5,30,$20,b.is ahead of where he began,2,3,4,2,2,2,3,4,4,2,2,2,4,3,4,4,2,3,4,3,4,3,4,3,4,4,3,4,3,5,27736,34912,31216,61417,18502,43878,51979
53,19,1,1,2,57,43,241242,1,1,6,4,1,4,baptist,1,4,3,2,2,1,1,1,3,3,3,2,2,2,Finish out the semester with a 3.7 GPA,10 cents,1 hour 40 mins,24,2,30,10$,c,3,4,2,3,2,4,2,1,4,3,4,2,3,3,2,4,3,4,3,4,4,4,3,4,3,4,3,4,3,4,14084,45958,17862,81801,15861,18689,46987
25,20,2,1,2,57,40,272286,1,1,1,4,4,5,Lutheran,1,3,3,2,2,1,1,1,3,3,3,2,2,2,I would like to keep in contact with old friends at least once per week for three months.,0.1,100 minutes,12 days,3 days,1 student,$30,c,3,5,4,2,2,1,4,4,4,5,4,2,3,4,4,2,2,5,3,4,4,4,2,3,4,4,2,4,2,4,22922,19282,54350,35101,28501,33602,78528
88,22,2,1,2,62,49,211614,1,1,6,4,3,2,christain,1,3,3,2,1,1,1,1,3,3,3,2,2,2,have everything put together and ready in the nursery for when my son arrives in late march,0.1,5 minutes,6,2,15,0,b,2,4,2,2,2,4,2,2,4,4,4,2,4,4,4,4,2,4,4,5,4,4,5,5,4,4,4,4,2,4,23775,30826,38683,39994,35638,20234,22464
75,18,2,2,2,64,46,174178,1,1,7,5,4,5,Church of Christ,1,4,3,2,2,1,1,1,2,3,3,1,2,2,I would like to be able to run a 5K without stopping.,2.1,100,24,1.5,30,20,b,4,4,2,2,2,1,2,2,1,4,4,2,3,4,5,4,2,2,4,4,4,4,4,2,5,5,4,4,2,4,9579,17675,33759,51199,12371,24664,24931
197,21,2,1,2,73,38,145254,1,1,6,4,4,3,Christian,1,3,3,3,1,2,1,1,2,2,2,1,1,1,I would like to loose 10 pounds.,10 cents,100 minutes,24 days,4 days,30,0,b,4,4,1,2,2,5,2,2,1,4,5,2,4,4,4,2,1,4,3,4,4,3,3,3,4,4,2,2,2,4,11294,12063,22464,32136,12511,21885,32901
115,18,2,2,2,42,45,401641,1,1,5,2,3,3,Lutheran,1,3,3,3,2,2,1,1,2,2,2,1,1,2,Get back in shape,0.1,100 minutes,24,4,15,$30,b,2,2,4,3,3,3,4,4,4,3,2,4,3,4,2,5,2,4,4,4,4,4,4,4,4,4,2,4,3,4,32214,144221,20494,78180,23634,53602,49296
147,19,2,2,2,44,32,357094,1,1,4,2,1,1,Christian,1,3,3,3,2,1,3,2,2,2,3,1,1,2,In 3 months my goal is to be able to run again after my pelvic fracture heals. I am hoping it will be healed in less than 3 months so that I am able to start running quite soon.,$0.10,100 min,24,12 days fo,30,$10,C. has lost money,1,2,2,2,4,4,2,4,4,1,2,2,1,2,2,4,1,4,2,4,2,1,3,3,2,4,2,3,4,2,22011,42012,37848,91864,19500,76910,66949
6,19,1,1,2,47,46,469492,1,1,7,6,1,4,Roman Catholic,1,5,3,3,1,1,1,1,2,2,3,1,1,2,My goal is to rebuild my relationship with my best friend back home that I had a falling out with.,$0.10,25 minutes,47 days,4 1/2 days,30,$0,b,3,4,2,4,1,1,5,5,4,2,4,2,2,4,2,1,5,1,4,2,4,3,3,4,4,4,4,4,5,5,33729,72936,73000,64747,56254,111686,57140
156,19,2,2,2,46,37,396074,1,1,7,5,4,3,luthern,1,3,3,3,1,2,2,1,2,3,3,1,2,2,lose 5 pounds.,0.1,20,24,6,30,140,c,2,2,4,4,4,2,2,2,4,4,2,2,2,2,2,2,2,4,2,2,2,2,4,3,4,4,2,4,4,4,104057,46734,56760,39328,40217,51699,57279
94,22,1,2,2,69,47,240553,1,1,6,2,3,3,Christian,1,5,3,3,3,1,1,1,3,3,3,1,1,1,get accepted into grad school for the fall of 2017,0.1,100 minuets,24 days,4,30,$10,b,4,5,1,2,1,2,4,2,5,5,5,1,4,5,5,2,2,4,4,4,4,4,3,4,4,4,4,5,2,5,18018,39873,23525,37243,44538,20330,57026
43,21,2,2,2,54,46,272554,1,1,7,4,1,3,Christianity,1,3,3,3,3,2,2,1,2,3,3,1,2,2,I would like to raise my GPA to a 3.5,0.1,100,24 days,3,15,$20,b. is ahead of where he began,2,5,3,2,2,2,2,4,4,4,4,3,2,3,4,3,3,4,4,5,4,4,4,4,4,4,3,4,2,4,27004,34710,25147,50481,38626,39737,56849
138,18,2,2,2,73,50,193982,1,1,7,3,7,2,Christian,1,5,3,3,3,1,1,1,3,3,1,1,2,1,"Recieve A""s in all of my classes this semester.",0.1,5 minutes,24 days,3 days,15,0,a,5,4,5,2,2,4,1,2,2,4,5,1,5,5,4,1,1,5,4,4,2,3,4,5,5,5,4,5,4,5,10499,30331,24084,44195,15132,39406,30335
179,20,2,1,2,43,37,148785,1,1,5,3,2,4,catholic,1,3,3,4,4,1,1,1,2,2,2,1,3,3,Run a mile in 7 minutes or less,0.1,100 minutes,24,9,30,$20,b: is ahead of where he began,2,2,4,4,4,2,2,4,4,2,3,2,2,4,2,2,4,4,2,4,4,4,2,3,3,3,2,4,2,4,9812,24804,10000,29094,8751,38026,28298
170,19,2,1,2,41,42,172501,1,1,7,4,2,5,christian,1,2,3,4,3,3,1,1,2,2,3,1,3,1,Save Money,0.1,100,24,3,30,10,c,1,3,4,5,2,4,5,4,3,3,3,5,3,2,3,5,2,3,3,5,5,4,3,3,3,4,3,3,1,5,9968,11762,38506,43087,10687,28929,29562
80,18,2,2,2,55,52,718357,1,1,7,5,4,5,Baptist,1,5,3,4,4,1,1,1,2,2,2,1,3,3,I would like to become fluent in Spanish or at least be able to hold a conversation in Spanish,.10 cents,20 minutes,24,2 days,30,20,a. broken even in the stock m,3,5,2,2,2,1,2,2,4,3,3,1,1,4,4,5,3,4,5,5,5,4,5,5,4,4,1,5,4,5,33447,257077,45247,79670,91514,78905,132497
33,18,2,1,1,49,41,333725,2,1,7,5,3,5,Catholic,1,5,1,1,1,1,1,1,3,2,2,2,2,2,Lose 10 pounds,0.1,100,24 days,4 days,15,$10,c,3,2,4,4,3,3,2,4,5,3,4,2,4,4,4,4,4,4,4,4,4,4,4,3,4,4,2,4,2,2,16474,29499,61197,56510,34569,65100,70376
151,19,2,1,1,33,45,318725,2,1,6,2,3,5,catholic,1,4,1,2,2,1,1,1,2,2,2,1,1,2,raise my GPA,$0.10,500 minutes,47 days,5 days,30,0,c,1,2,4,4,5,1,4,5,5,1,4,2,4,1,2,4,4,1,4,4,4,5,4,4,1,4,4,5,2,4,27487,70797,27693,78690,21652,39578,52828
38,19,2,2,1,56,46,148022,2,1,7,6,6,5,Christian,1,4,1,2,4,1,2,1,2,2,2,1,1,3,Lose weight,0.05,100 minutes,47,8,1,0,B.,3,4,3,2,1,3,1,3,5,4,4,3,3,4,2,2,5,3,2,4,4,4,4,4,4,4,4,4,3,5,30779,12943,27191,18000,8596,18986,31527
39,19,2,1,1,64,48,211540,2,1,1,4,3,5,Missouri Synod Lutheran,1,4,1,2,2,1,1,1,3,3,3,2,2,2,My goal is to get above an 85% on all of my finals this semester.,$0.05,100 minutes,47,9 days,30,$30,b,3,4,2,2,4,4,2,3,4,5,3,2,4,4,4,1,1,5,5,5,5,5,4,4,5,5,3,3,2,2,28174,23400,49946,29501,16279,34117,30123
28,18,2,1,1,57,48,242703,2,1,6,5,7,5,catholic,1,4,1,2,1,2,1,2,3,3,3,2,2,2,run a half marathon,10 cents,100 minutes,47 days,4.5,30,$30,c,3,4,3,4,2,5,2,4,3,3,3,2,3,2,4,2,2,2,4,3,4,3,4,4,4,5,4,5,4,4,28673,15912,36192,76213,10437,22838,52438
166,20,1,2,2,71,35,382592,2,1,7,5,3,6,Catholic,1,3,3,1,1,2,1,1,2,2,3,1,1,2,"Obtain 4.0""s in all of my classes this Spring semester at CMU",$0.05,100 minutes,36 days,9 days,15,20,b. is ahead of where he began,4,5,1,1,1,4,2,2,3,4,3,1,4,4,4,2,2,4,3,3,3,3,3,3,3,4,1,4,1,4,51674,21374,141611,54397,30452,29219,53865
145,21,2,1,2,43,37,223994,2,1,5,2,3,4,catholic,1,2,3,1,1,2,1,1,2,2,2,1,1,1,Have junk food once a week,0.1,100 minutes,24,2 days,15,$20,c,2,1,1,4,4,1,4,4,5,2,3,1,1,3,4,4,1,1,2,1,4,4,4,1,4,2,1,4,5,5,27534,38082,18190,45802,18769,40513,35104
73,19,2,1,2,49,19,255976,2,1,1,1,9,4,christian,1,5,3,1,1,1,1,1,2,2,2,1,1,1,Better grades better attitude to still be in college,0.1,an hour and 40 mins,96 days,6 days,15,20 dollars,c,1,2,5,2,2,3,1,1,2,1,1,1,1,1,1,1,1,1,1,1,1,4,2,3,1,1,1,1,2,1,27534,36658,54096,34898,19376,25990,57424
31,20,2,1,2,41,40,203930,2,1,3,4,1,3,catholic,1,2,3,2,2,1,1,1,2,2,2,1,2,2,train for a half marathon,10 cents,100 minutes,24 days,4 days,30,$10,c,2,2,2,4,3,2,4,2,4,2,2,4,2,4,2,4,4,4,2,2,4,5,4,4,3,2,2,4,4,4,9992,26099,42503,63133,12548,21044,28611
51,20,2,2,2,56,40,313650,2,1,5,3,4,4,Christian,1,5,3,2,2,2,1,1,2,2,2,1,2,1,Study and be prepared to take the MCAT,0.1,100,24,4,30,$10,c,3,4,2,4,2,2,4,4,4,4,4,2,4,4,4,3,2,3,3,4,4,5,3,3,2,2,3,3,5,3,48307,55971,26613,32136,12340,71744,66539
57,19,1,2,2,61,38,679153,2,1,7,5,5,4,Catholic,1,3,3,2,2,2,1,1,3,3,3,1,2,2,Being able to squat 400 pounds for one repetition.,5 cents,5 minutes,24,9,30,10 dollars,b. is ahead,4,2,2,2,3,5,4,2,2,4,4,2,2,4,4,3,2,2,2,4,4,4,3,4,4,4,2,2,2,3,167320,125738,31122,146534,98607,33901,75931
154,21,2,1,2,55,48,153334,2,1,7,5,3,4,Christian reformed,1,3,3,3,3,2,2,1,2,2,3,1,1,1,Run a 8 minute mile,0.1,100,24,4,30,10,c,1,4,2,2,2,3,3,4,4,3,4,2,2,4,4,3,2,4,5,4,4,4,4,4,5,4,2,4,4,4,9126,12527,38797,17130,23634,11201,40919
149,18,2,1,2,54,51,258742,2,1,2,2,2,3,Wesleyan,1,4,3,3,2,1,1,2,2,2,3,1,2,2,Keep my GPA up enough to keep my CMU scholarship,$0.10,1 hour 40 min,24 days,6,30,$20,c,2,4,2,2,2,2,2,2,4,2,4,2,3,4,3,4,4,3,4,5,5,5,4,4,4,2,3,5,5,5,45053,37451,22947,55679,15304,36285,46023
194,18,1,1,2,49,43,177484,2,1,4,5,3,3,Presbitarian,1,4,3,3,3,1,1,1,2,3,3,1,1,1,Gain 5-10lbs of Muscle,$0.10,100 minutes,96 days,18 days,30,$20,c,4,4,4,2,2,2,4,4,4,4,4,2,2,3,1,4,3,3,3,3,2,4,4,3,5,4,2,5,3,5,22885,21466,26204,33868,14820,19188,39053
16,22,1,2,2,60,49,384581,2,1,1,4,3,1,Hindu,4,3,3,3,3,2,1,1,2,3,3,1,1,2,Read more LSAT prep books,0.1,100 minutes,24,4,1,$10,c,4,4,1,2,4,3,4,3,3,4,5,2,3,4,4,2,4,5,4,4,4,3,4,4,5,5,3,4,4,5,18657,30810,37377,62423,18392,110147,106775
5,20,2,2,2,53,37,386438,2,1,3,3,3,3,Catholic,1,2,3,4,4,2,2,2,2,2,2,1,3,3,Get a 3.5 GPA for the semester,.10 cents,100 minutes,47 days,6 days,30,0,c,3,2,2,4,2,4,3,2,4,3,3,2,2,4,3,4,2,2,3,4,2,3,2,4,4,4,1,4,1,5,21567,91026,30966,83401,20904,42284,96290
46,19,2,2,1,47,46,392513,3,1,6,1,1,3,NA,2,5,1,1,1,2,1,1,2,2,2,1,1,2,Start my 30 day workout plan,0.05,100 minutes,24 days,12 days,29,10,c. has lost money,3,3,3,3,4,2,3,3,4,2,3,2,4,3,3,3,5,4,4,3,3,4,4,3,4,4,2,5,5,5,61106,33667,65056,52553,43774,67705,68652
171,20,1,2,1,50,46,304734,3,1,2,2,2,4,agnostic,3,5,1,1,1,3,2,1,2,2,3,1,1,1,Dunk a basketball,0.1,100 minutes,47\,4,30,0,c,2,4,4,3,2,2,4,2,4,2,4,2,2,4,2,2,3,2,4,5,4,4,4,4,1,4,4,4,4,4,20916,43455,30124,35365,54903,61299,58672
70,18,1,2,1,49,43,324237,3,1,4,3,2,1,Christianity,1,5,1,1,2,1,1,1,2,2,2,1,1,1,Maintain my 4.0 GPA as of so far this incoming freshman year.,ten cents,5 minutes,47 days,9 days,15,10$,C. has lost money,2,4,1,3,2,5,2,4,5,3,2,4,2,3,4,5,4,4,5,4,3,4,4,4,5,2,3,4,1,4,21107,26271,48312,78796,28595,71922,49234
192,21,2,2,1,61,44,334996,3,1,7,5,10,5,Christian,1,4,1,1,1,1,1,1,3,3,3,1,2,2,Read 10 books.,5 cents,5 minutes,47 days,3 days,30,$0,B,4,3,2,2,2,4,2,2,4,4,4,2,3,3,4,4,2,4,3,4,4,4,4,4,3,4,2,4,4,4,99070,39142,18845,47066,43790,48185,38898
193,21,1,2,1,64,40,169104,3,1,4,2,2,1,Catholic,1,3,1,1,1,1,1,1,2,3,3,1,1,1,Write a strong writing sample to submit with my grad school applications.,5 cents,100 minutes,47,4 days,30,0 dollars ne,b. is ahead of where he began,4,4,1,3,2,5,2,2,4,4,5,2,4,1,4,2,3,5,3,3,3,4,4,3,2,4,4,4,2,4,36452,19952,31844,17067,27519,20217,16053
200,19,2,2,1,76,40,446490,3,1,6,4,3,1,Methodist,1,4,1,1,4,1,1,1,2,3,2,1,1,3,Do well on my final exams,5 cents,100,24,9 days,29,$30,c,4,4,1,1,1,5,1,2,4,5,4,1,5,5,4,1,2,4,2,4,4,4,4,4,4,4,1,5,2,2,64858,47888,44585,64771,33883,145698,44807
74,18,2,1,1,56,39,341929,3,1,6,4,3,4,Christian,1,4,1,4,4,1,1,1,3,2,2,2,3,3,Get above a 3.5 GPA,10 cents,5,47,3,30,20,b,3,3,2,2,2,3,2,2,4,4,3,4,2,3,3,2,2,1,3,4,4,4,2,3,3,2,3,4,3,4,32495,84770,39031,55442,14523,48015,67653
23,20,2,1,2,51,45,412281,3,1,4,3,2,2,Methodist / slightly agnostic?,1,3,3,2,1,1,1,1,3,3,3,2,2,2,Get a job related to my future career field hopefully within Geriatrics,$0.05,100 minutes,47 days,4 days,1,$0,b. is ahead of where he began,2,4,3,3,4,2,1,2,4,4,3,2,2,4,2,4,3,2,5,4,4,4,4,4,4,4,2,4,4,2,62447,39047,31849,52106,126488,41933,58411
146,22,2,1,2,64,39,228541,3,1,7,4,3,5,Pentecostal,1,3,3,2,2,1,1,1,2,2,2,1,1,1,sign up for and complete studying for the GRE,0.5,100 minutes,47 days,4,30,$10,B,2,5,2,2,1,4,2,4,2,2,4,1,3,4,3,2,1,4,4,4,4,5,2,4,4,2,1,4,1,4,26614,27663,44538,44221,12293,34493,38719
134,20,2,1,1,58,38,395624,4,1,1,5,3,4,Presbyterian,1,5,1,3,4,1,2,2,3,1,2,2,1,3,"Get all A""s this semester",10 cents,100 minutes,47,4,29,$0,c,2,4,2,2,1,2,2,5,4,4,5,2,2,2,4,2,1,4,2,4,3,4,2,4,2,4,4,4,1,4,112473,41097,27099,76723,35989,57939,44304
176,22,1,2,2,59,45,559320,4,1,6,4,1,3,Roman Catholic,1,4,3,3,2,1,1,1,2,2,2,1,1,1,loose 10 pounds,5 cents,5 min,47 days,5 days,30 students,$10\,C. has lost money,3,3,3,2,2,4,4,2,3,4,5,3,3,4,4,4,2,4,3,4,4,4,4,4,3,2,4,5,3,5,50645,64761,37939,199372,38298,88918,79387
191,19,1,2,2,64,46,333027,4,1,1,2,4,2,Christian,1,3,3,3,1,1,1,1,3,2,2,1,1,1,Within 3 months I would like to accomplish buying a car.,5cents,5 minutes,24 days,4 days,30,$20,b,4,4,2,2,2,3,2,2,4,4,4,2,4,4,5,4,2,3,4,4,4,4,4,4,3,4,4,4,3,4,57037,34049,54070,59452,38969,41480,47970
47,20,1,1,2,61,45,417029,4,1,7,5,4,5,Lutheran,1,5,3,4,1,1,1,1,2,2,2,1,3,2,Lose 15 pounds,$0.10,100 minutes,47,4,29,10,c. has lost money,3,3,2,2,2,2,2,4,2,4,3,2,4,2,4,1,1,4,4,4,4,4,4,4,5,4,2,4,2,4,19562,60699,52297,105269,77329,33355,68518
89,19,1,1,2,63,56,432679,4,1,5,2,3,3,Methodist Christian,1,3,3,4,1,2,1,1,3,2,3,2,3,2,Max Bench-Press of 315lbs,$0.10,100 minutes,47 days,9 days,29,$20,c. has lost money,5,4,1,4,2,4,3,5,4,5,5,2,4,3,4,2,2,2,4,5,5,5,4,4,5,4,5,5,5,5,56499,57080,37019,78286,46535,99774,57486
52,19,2,2,1,63,46,371177,5,1,5,2,1,1,N/A,2,4,1,3,1,2,1,1,3,2,2,1,1,2,My goal is to exercise at least three times a week,$0.05,5 minutes,47 days,4,30,$0.00,c,4,4,2,2,2,3,2,4,2,3,4,2,3,4,4,2,2,4,4,4,4,4,4,4,3,4,3,4,4,4,45693,34445,49762,63037,32994,95078,50168
190,19,2,1,2,60,47,365128,5,1,5,2,2,3,Christian,1,5,3,2,2,1,1,1,2,3,3,1,1,1,To get my back tuck,5 cents,500 minutes,47 days,6 days,29,$20,c,4,3,2,2,2,2,2,2,3,4,4,2,3,4,3,4,2,4,4,4,4,4,4,4,4,3,4,4,4,4,26723,67044,21858,107797,15179,91480,35047
131,19,1,2,2,62,34,361934,5,1,3,2,1,4,Christain,1,4,3,3,3,1,1,3,2,2,2,1,1,1,Achieve a 3.5 GPA or higher.,$0.05,5 minutes,47,4.5 days,1,$20,c. he now has 7000,3,4,2,2,2,2,2,3,4,4,4,1,3,4,3,2,1,2,3,2,2,2,3,4,3,1,2,3,5,4,58828,34560,17097,108216,19344,38812,85077
12,19,1,2,1,41,47,505723,6,1,7,5,4,4,Christianity,1,3,1,1,1,2,1,1,2,3,3,1,2,2,I would like to be able to grab a basketball rim with one hand.,$0.05,5 minutes,47,3,29,20,c,1,1,1,5,1,4,5,3,4,2,4,2,1,3,1,4,5,4,4,4,4,4,4,3,4,4,4,4,4,4,52008,63316,28877,114315,143810,58282,45115
87,19,1,2,2,47,46,201280,6,1,3,2,4,4,Apiscopalion,1,4,3,2,3,2,1,1,2,2,2,4,2,1,Maintain/Achieve 3.5+ GPA,5 cents,100 minutes,47 days,4 days,29,$20,c,2,2,4,3,2,2,2,2,3,3,2,2,3,3,2,4,4,3,5,4,4,4,4,3,4,5,2,4,2,5,19406,14695,33988,43550,13198,36224,40219
65,19,2,1,2,64,43,472377,6,1,7,4,8,4,christian - lutheran,1,5,3,2,2,1,1,1,3,3,3,2,2,2,pass level 10.5 on the beep fitness test,$0.05,5 minutes,36,4 days,29,$20,c,3,4,3,2,1,2,1,1,3,4,4,2,3,4,3,2,2,2,4,2,4,5,4,4,5,4,3,2,2,4,48007,46379,147512,96077,45739,24001,64662
188,21,2,2,2,58,40,365385,0,0,4,1,2,1,N/A,2,5,3,4,2,1,1,2,2,2,2,1,3,1,complete my internship with student-athletic services,10 cents,one hour and forty minutes (100 minut,24 days,2 days,30,10 dollars,ahead of where he began,4,4,2,2,2,2,2,4,4,2,4,2,4,4,4,4,2,4,2,4,4,4,2,4,3,4,2,4,2,5,76578,95003,24367,65772,11763,46569,45333
130,20,2,2,1,53,40,191113,0,0,4,2,1,2,Non-Religious,2,4,1,1,1,2,1,1,2,2,3,1,1,2,I would like to workout at least 5 times a week for the next three months.,0.1,100,24,6,30,10,a,4,2,3,2,4,2,2,4,4,4,4,2,3,4,2,4,1,5,2,4,5,4,4,4,4,2,1,4,2,4,18602,20358,20742,24991,9017,37238,60165
15,18,2,2,1,43,53,133727,0,0,6,1,1,1,athiest,3,5,1,1,1,2,1,1,2,2,3,1,1,2,get a job,0.1,500 minutes,24,3 days,30,90,b,2,5,4,4,3,2,3,5,5,4,2,3,3,2,3,5,2,4,5,5,4,5,5,4,5,5,5,5,1,4,14368,24992,8237,28907,8502,17986,30735
30,18,2,1,1,55,36,151896,0,0,3,1,1,1,agnostic,3,2,1,1,1,1,1,1,3,3,3,2,2,2,to stop biting my nails,2.1,100 minutes,24,6,30,10,b,3,4,3,2,3,2,2,1,5,2,5,5,2,4,5,4,1,4,4,2,4,4,2,2,2,2,4,2,4,4,11700,14508,36005,11918,41986,17940,17839
41,18,2,2,1,52,47,385882,0,0,4,1,1,1,i dont have one,2,4,1,1,1,2,1,1,2,3,3,2,2,2,A goal that i would like to accomplish is getting a job my second semester here somewhere on campus to fill up time during my free time and gett involved with some type of group on campus.,10 cents,1 hour 40 mins,24,9 days,30,10 dollars,B,2,4,2,2,2,3,1,2,4,3,2,2,2,2,3,4,4,3,4,4,5,4,4,3,4,4,4,4,3,4,104884,64373,20600,87330,16614,49437,42644
117,20,2,2,1,53,46,233578,0,0,6,1,1,2,none,2,2,1,1,1,2,2,2,3,3,3,2,2,2,To run a 4:54 mile.,10 cents,100 minutes,24,3 days,30,$10,b,1,4,4,2,2,2,4,4,4,3,4,2,2,5,4,2,2,1,3,4,5,3,4,4,4,5,4,2,4,4,40841,16420,35209,53025,9173,26026,52884
167,20,2,1,1,67,48,346848,0,0,6,1,1,1,nothing,2,4,1,3,3,1,1,1,2,2,2,1,1,1,sucessfully transfer to Eastern,0.1,100 minutes,24,9 days,30,$90,b,3,4,1,1,1,2,2,3,5,5,4,1,3,5,4,2,1,4,3,4,5,4,4,4,4,5,2,3,5,5,64382,32027,22369,62975,26410,60490,78195
173,20,2,2,1,62,43,157351,0,0,5,1,1,1,none,2,4,1,4,1,1,1,1,2,3,3,2,3,2,"Finish this semester with all A""s and get all A""s in my summer classes.",0.1,4,24,3,30,10,b,4,4,2,2,2,4,2,4,4,5,4,2,3,4,2,1,3,5,4,5,4,4,4,5,4,4,4,2,1,2,31199,14926,14258,23228,15475,25521,32744
78,21,2,1,1,62,46,250431,0,0,4,1,2,1,non denominational spiritual buddist,4,3,1,1,1,1,1,1,2,2,2,4,1,1,save up for a spain trip with my roomate,0.1,100,24 days,18,1,10$,b,5,2,3,5,1,2,1,2,2,3,4,1,3,4,5,4,1,5,3,2,5,4,4,4,5,3,3,4,4,5,17097,11871,17394,76218,35365,30791,61695
90,18,1,1,1,54,47,235106,0,0,4,1,1,2,christian,1,4,1,1,3,1,1,1,2,2,2,1,1,1,do homework for at least an hour everyday,$0.10,100 minutes,24,9,30,$10,b,3,3,2,2,1,2,4,2,2,2,5,2,2,4,3,5,4,4,4,4,4,2,4,3,4,4,4,5,5,4,25834,36810,27659,26400,17893,54475,46035
63,18,2,1,1,57,50,193986,0,0,2,1,1,2,Christian,1,2,1,2,1,2,1,1,2,2,2,1,1,1,Apply for and be granted at least 2 scholarships,10 cents,100 minutes,24 days,6 days,30,$10,b. is ahead of where he began,2,4,2,3,3,5,2,5,4,4,3,2,4,4,4,5,1,4,3,5,5,5,3,4,4,5,2,4,5,5,29863,19702,17949,23666,13556,26286,62964
22,19,2,1,1,63,47,231575,0,0,5,1,1,2,was catholic,1,3,1,2,1,1,1,1,2,2,2,1,1,1,Run my 300 run test 60 seconds for both.,0.1,10,24,2,30,10,b. ahead of where he began,4,5,1,2,2,3,3,4,4,5,4,2,2,4,3,1,2,4,4,4,4,3,4,5,4,4,4,2,4,5,20982,53336,26483,22283,20451,38407,49633
139,,2,2,1,55,51,318726,0,0,4,2,2,1,catholic,1,5,1,3,1,1,1,1,3,3,3,2,2,2,GPA of 3.7 or higher at end of second semester,10 cents,50 minutes,28 days,2 days,30,10 dollars,a.,3,3,1,1,1,2,1,5,4,4,1,3,1,4,3,3,1,3,4,5,4,5,5,4,5,3,3,5,4,4,94474,46395,42401,36864,20608,41761,36223
8,20,2,1,1,70,51,219990,0,0,4,2,1,2,(Lapsed) Catholic,1,4,1,3,1,1,1,1,2,3,3,1,1,2,Maintain above a 3.5 GPA this semester,$0.10,20 minutes,24,8 hours,15,$90,B,4,5,1,1,1,2,2,4,2,5,5,1,4,4,5,2,4,5,4,4,4,5,4,4,4,4,3,5,5,5,16863,32947,22666,56382,29031,28641,33460
42,18,2,1,2,65,26,230491,0,0,3,1,1,1,none,2,4,3,3,1,2,2,1,3,3,3,2,2,2,To get into good shape,$0.10,100,24,9 days,30,$10,b,4,4,2,2,2,1,2,1,2,4,4,1,3,4,4,4,1,4,2,2,2,2,1,3,2,2,1,4,1,4,25022,41127,24862,46410,13650,41340,38080
99,19,2,1,2,61,41,161410,0,0,1,1,1,1,Not applicable,2,5,3,3,1,3,3,1,3,3,2,1,1,1,Make connections with people in my classes and others in the field I am going into.,0.1,100 minutes,24,9,30,10,b.,3,4,2,2,2,4,2,3,3,4,4,1,3,4,3,4,3,4,4,4,3,3,4,4,2,4,2,4,3,4,9750,20327,15022,36613,9797,17222,52679
137,21,2,1,2,74,37,166661,0,0,5,1,1,2,i was raised Catholic but i do not pra,1,3,3,3,3,1,1,1,3,3,3,2,2,2,run a 5k race in 28 minutes or less,$0.10,100,24,3,30,$10,b,4,4,1,1,1,4,1,4,1,2,5,1,4,5,5,2,1,5,2,2,2,3,4,5,2,2,2,4,5,4,18346,14196,19345,44741,9703,19235,41095
62,19,2,2,1,53,47,136750,1,0,4,1,1,2,undecided,2,5,1,1,1,2,1,1,2,2,3,1,1,2,3.8 GPA or above,$0.10,100,24,12 days,1,20,b,4,3,3,3,2,2,4,2,4,3,4,2,4,5,3,5,4,4,4,4,4,4,4,3,5,4,4,3,4,4,15896,16661,18293,22199,19328,19157,25216
133,20,2,2,1,57,49,271354,1,0,7,1,1,1,No religious views,2,5,1,1,1,1,1,1,3,3,3,2,2,2,To loose 10lbs,0.1,100 machines,24 days,9 days,30 students,$10,c. has lost money,3,2,2,2,2,4,2,2,2,2,4,2,3,4,4,5,4,5,2,5,5,4,4,4,5,4,4,5,2,5,17628,21720,25163,26504,54573,93350,32416
92,20,2,2,1,56,44,262788,1,0,3,3,1,2,uncertain,2,4,1,2,1,2,1,1,2,2,2,1,1,1,My goal within the next 3 months is to keep my GPA higher than a 3.5 for the spring semester.,0.1,100 minutes,24 days,3 days,30,20,a,3,4,2,1,2,3,1,3,2,3,4,4,1,1,1,1,2,4,4,4,4,4,2,3,5,4,2,4,4,4,12339,18891,15467,64201,20858,82750,48282
116,22,2,1,1,64,49,271387,1,0,7,1,1,1,atheist,3,2,1,2,1,2,1,2,3,3,3,2,2,2,I would like to achieve a 3.0 or higher as an average GPA,$0.10,100,24,9,30,30,c,4,4,2,2,2,2,2,2,4,4,5,1,4,2,4,2,2,5,4,5,4,5,5,4,4,4,3,5,1,5,26162,17254,14285,32994,10348,80201,90143
120,22,2,1,1,62,36,453778,1,0,3,1,1,3,catholic,1,3,1,1,1,2,1,1,2,2,2,1,1,1,Lose 8 pounds,10 cents,100,24 days,3 days,30,$20,b,4,4,2,2,2,3,2,2,4,4,4,2,3,4,4,2,4,4,4,3,3,4,2,5,3,3,1,3,2,3,58092,24001,28029,110878,32198,129656,70924
141,19,1,2,1,45,40,253514,1,0,4,1,1,1,christian,1,4,1,1,1,1,1,1,1,3,2,1,2,1,Finish the semester with a 3.7gpa or higher.,0.1,100 minutes,4 days,9 days,15,20,b,2,2,2,3,4,2,4,2,4,4,3,3,2,4,2,4,4,2,4,4,2,2,4,4,4,2,2,5,3,4,37128,26178,76049,28346,26611,21198,38004
85,18,2,2,1,52,41,202196,1,0,7,1,1,1,non-denomination Christian,1,3,1,2,2,1,1,1,2,2,2,1,2,2,Get a new job,0.04,100,24,9,1,20,b,2,4,2,2,2,2,2,2,2,2,2,4,2,4,4,4,4,5,4,4,4,4,4,4,4,5,2,2,2,2,25770,30596,10233,31389,26520,35022,42666
67,18,2,2,2,50,50,393770,1,0,7,1,1,5,Lutheran turned Atheist,3,4,3,1,1,2,1,1,2,3,1,1,2,1,confess my feelings,Less than,5 minutes,about 1,if they bo,one,30 dollars,He has lost money his final v,2,2,2,4,4,1,2,5,4,4,5,1,1,5,4,4,2,5,4,4,5,4,5,5,5,5,2,4,4,3,60467,19203,89013,99580,20156,21744,83607
37,20,2,1,2,65,36,214097,1,0,4,3,1,1,Agnostic,3,4,3,1,1,2,1,1,2,2,2,1,1,1,Lose 10 pounds,0.1,100 minutes,12,9 days,30,10,c,4,4,2,2,2,4,2,4,2,5,4,1,2,4,4,4,1,4,2,2,4,3,3,3,4,2,2,5,1,5,28517,24554,24886,41777,8128,43696,42539
91,19,2,2,2,62,39,172501,1,0,5,1,1,2,prespertarian,1,5,3,3,3,1,1,1,2,2,2,1,1,1,I would like to be accepted into the Graphic Design Program at CMU.,0.1,100,24,6,30,$20,b,3,4,2,3,1,5,2,2,3,3,3,3,4,5,3,4,2,2,2,4,2,3,3,3,4,2,2,4,5,5,12980,19422,21222,34575,17690,28002,38610
10,18,2,1,2,54,34,163617,1,0,3,1,1,1,Christian,1,2,3,3,3,1,1,1,3,3,2,1,1,2,To lose 20 pounds in 3 months,0.1,100 minutes,24,3,30,20,b,2,3,2,3,2,2,2,2,2,1,3,1,1,1,4,2,1,5,3,4,3,3,5,2,3,4,2,2,1,2,8159,23687,24848,24352,16583,21310,44678
172,22,2,2,2,49,42,237423,1,0,4,3,3,2,Christian,1,4,3,4,4,2,2,1,3,2,3,1,3,3,Within the next three months I would like to have my Chase credit card paid off.,1,100,24,9,1,20,b,4,2,4,4,2,2,4,2,4,4,2,2,2,4,2,4,1,2,4,2,4,4,2,4,2,4,4,4,4,4,51344,18783,30440,25846,24851,26769,59390
98,18,2,2,2,51,40,443302,2,0,5,1,1,1,secularist,2,2,3,3,1,1,2,1,1,1,1,1,1,1,Make a new friend,10 cents,100 minutes,47,9 days,15,$10,C. has lost money,2,2,2,3,3,4,4,4,3,3,3,2,2,2,3,2,1,4,2,4,5,5,4,4,2,4,3,2,3,2,32748,57845,51754,81651,54077,77144,88083
106,19,1,1,2,57,45,225199,3,0,4,1,1,1,agnostic,3,2,3,2,4,2,1,1,2,2,2,1,1,3,lose 15lbs of body fat,$0.10,5 minutes,47,4 days,30,0,b,3,3,2,2,4,3,2,3,4,4,5,2,4,4,4,3,5,2,4,4,3,5,4,4,4,4,3,4,1,5,23306,30033,54134,66870,10670,22277,17909
125,26,2,2,2,77,42,248171,4,0,6,1,1,1,Athiest,3,5,3,3,1,2,1,1,2,2,2,1,1,2,to lose 5 pounds by eating healtier and working out 3 times a week.,$0.05,100 minutes,24 days,4 days,29,$10,c. has lost money.,5,5,1,1,2,4,2,2,2,5,5,1,4,4,5,2,1,4,4,4,4,2,3,4,4,4,4,4,1,4,29078,24118,38274,50325,13494,36924,55958
40,19,2,2,2,63,46,328149,4,0,5,1,1,2,Agnostic,3,3,3,3,3,1,1,1,3,2,2,2,1,1,Workout three times per week every week by the end of the three month period.,0.05,100 minutes,12 days,9,29,20,c.,2,5,2,2,2,4,2,2,3,5,4,1,2,4,4,4,3,5,4,4,4,4,4,4,4,4,2,4,4,4,84745,28844,53924,26395,47814,36710,49717
140,19,2,1,1,33,47,398269,5,0,7,1,1,1,Atheist,3,4,1,1,1,1,1,1,3,3,3,1,1,1,In three months I would like to be able to run 2 miles in 15 minutes,$0.10,one minute,47,4 days,29,$20,c,2,2,5,4,4,1,4,5,4,2,2,4,2,2,3,4,3,2,4,4,4,4,4,4,3,4,4,4,4,4,30561,35687,51501,62946,27003,124354,66217
123,18,1,1,1,63,43,398105,5,0,6,1,1,2,Christian,1,3,1,2,2,1,1,1,3,3,3,2,2,2,My goal is to raise my GPA up to at least a 3.2 in 3 months.,$0.10,5 minutes,47 days,4 days,30 students,$20,c. lost money,3,4,2,2,3,5,2,2,4,5,4,2,3,4,4,4,2,4,2,4,5,4,4,4,2,5,2,4,3,4,40825,67626,32503,94174,53586,27659,81732
162,21,1,2,2,59,24,167509,5,0,2,1,1,2,lapsed catholic,1,4,3,1,1,1,1,1,2,3,3,2,2,2,I would like to complete the semester and maintain my GPA and get involved in a research lab,$0.05,5 minutes,47,4,30,0,c,3,4,3,2,2,4,2,3,4,4,4,2,2,5,4,4,3,5,2,2,2,2,2,2,1,4,1,1,4,1,19563,16465,25350,48380,7238,21060,29453