,congress,chamber,bioguide,last_name,state_x,district,party,votes,agree_pct,predicted_agree,net_trump_vote,Unnamed: 0,state_y,name,twitter_handle
0,116,house,A000055,Aderholt,AL,4.0,R,84.0,0.9761904761904759,0.94419563,63.0,104,AL-04,Robert Aderholt,@Robert_Aderholt
1,116,house,A000367,Amash,MI,3.0,R,2.0,1.0,0.59582585,9.4,301,MI-03,Justin Amash,@justinamash
2,116,house,A000369,Amodei,NV,2.0,R,85.0,0.917647058823529,0.71157329,12.3,368,NV-02,Mark Amodei,@MarkAmodeiNV2
3,116,house,A000370,Adams,NC,12.0,D,88.0,0.0568181818181818,0.06785155,-40.0,344,NC-12,Alma Adams,@RepAdams
4,116,house,A000371,Aguilar,CA,31.0,D,87.0,0.0689655172413793,0.08295356,-21.1,151,CA-31,Pete Aguilar,@RepPeteAguilar
5,116,house,A000372,Allen,GA,12.0,R,89.0,0.9550561797752809,0.80872198,16.2,226,GA-12,Rick Allen,@RepRickAllen
6,116,house,A000374,Abraham,LA,5.0,R,51.0,0.980392156862745,0.94234264,29.4,278,LA-05,Ralph Lee Abraham,@RepAbraham
7,116,house,A000375,Arrington,TX,19.0,R,88.0,0.954545454545455,0.93520171,49.0,478,TX-19,Jodey Arrington,@RepArrington
8,116,house,A000376,Allred,TX,32.0,D,88.0,0.0795454545454545,0.21290021,-1.9,491,TX-32,Colin Allred,@RepColinAllred
9,116,house,A000377,Armstrong,ND,0.0,R,87.0,0.908045977011494,0.9273315000000001,35.72888837,346,ND - ,Kelly Armstrong,@RepArmstrongND
10,116,house,A000378,Axne,IA,3.0,D,89.0,0.0898876404494382,0.37315719,3.5,233,IA-03,Cynthia Axne,@RepCindyAxne
11,116,house,B000490,Bishop,GA,2.0,D,87.0,0.0689655172413793,0.10398764,-11.7,216,GA-02,Sanford Bishop,@SanfordBishop
12,116,house,B000490,Bishop,GA,2.0,D,87.0,0.0689655172413793,0.10398764,-11.7,496,UT-01,Rob Bishop,@RepRobBishop
13,116,house,B001250,Bishop,UT,1.0,R,79.0,0.949367088607595,0.93721999,27.3,216,GA-02,Sanford Bishop,@SanfordBishop
14,116,house,B001250,Bishop,UT,1.0,R,79.0,0.949367088607595,0.93721999,27.3,496,UT-01,Rob Bishop,@RepRobBishop
15,116,house,B001311,Bishop,NC,9.0,R,41.0,0.9268292682926829,0.69672937,11.6,216,GA-02,Sanford Bishop,@SanfordBishop
16,116,house,B001311,Bishop,NC,9.0,R,41.0,0.9268292682926829,0.69672937,11.6,496,UT-01,Rob Bishop,@RepRobBishop
17,116,house,B000574,Blumenauer,OR,3.0,D,88.0,0.0909090909090909,0.06479418,-48.2,421,OR-03,Earl Blumenauer,@repblumenauer
18,116,house,B000755,Brady,TX,8.0,R,85.0,0.941176470588235,0.93314987,48.8,467,TX-08,Kevin Brady,@RepKevinBrady
19,116,house,B001248,Burgess,TX,26.0,R,87.0,0.931034482758621,0.90977008,26.5,485,TX-26,Michael Burgess,@michaelcburgess
20,116,house,B001251,Butterfield,NC,1.0,D,88.0,0.0681818181818182,0.06916439,-37.0,334,NC-01,G. Butterfield,@GKButterfield
21,116,house,B001257,Bilirakis,FL,12.0,R,86.0,0.918604651162791,0.85799403,18.6,199,FL-12,Gus Bilirakis,@RepGusBilirakis
22,116,house,B001260,Buchanan,FL,16.0,R,87.0,0.839080459770115,0.65787621,10.7,203,FL-16,Vern Buchanan,@VernBuchanan
23,116,house,B001270,Bass,CA,37.0,D,85.0,0.0588235294117647,0.06027399,-76.1,157,CA-37,Karen Bass,@RepKarenBass
24,116,house,B001274,Brooks,AL,5.0,R,89.0,0.9325842696629209,0.92614329,33.4,105,AL-05,Mo Brooks,@RepMoBrooks
25,116,house,B001274,Brooks,AL,5.0,R,89.0,0.9325842696629209,0.92614329,33.4,259,IN-05,Susan Brooks,@SusanWBrooks
26,116,house,B001284,Brooks,IN,5.0,R,85.0,0.8941176470588241,0.69605165,11.8,105,AL-05,Mo Brooks,@RepMoBrooks
27,116,house,B001284,Brooks,IN,5.0,R,85.0,0.8941176470588241,0.69605165,11.8,259,IN-05,Susan Brooks,@SusanWBrooks
28,116,house,B001275,Bucshon,IN,8.0,R,85.0,0.8941176470588241,0.92310655,33.7,262,IN-08,Larry Bucshon,@RepLarryBucshon
29,116,house,B001278,Bonamici,OR,1.0,D,89.0,0.0898876404494382,0.07896403,-22.8,419,OR-01,Suzanne Bonamici,@RepBonamici
30,116,house,B001281,Beatty,OH,3.0,D,85.0,0.0588235294117647,0.0709753,-38.4,400,OH-03,Joyce Beatty,@RepBeatty
31,116,house,B001282,Barr,KY,6.0,R,84.0,0.94047619047619,0.79507686,15.3,273,KY-06,Andy Barr,@RepAndyBarr
32,116,house,B001285,Brownley,CA,26.0,D,87.0,0.0574712643678161,0.07051434,-21.9,146,CA-26,Julia Brownley,@RepBrownley
33,116,house,B001286,Bustos,IL,17.0,D,89.0,0.0674157303370786,0.27927158,0.7,253,IL-17,Cheri Bustos,@RepCheri
34,116,house,B001287,Bera,CA,7.0,D,89.0,0.0674157303370786,0.10649631,-11.4,127,CA-07,Ami Bera,@RepBera
35,116,house,B001289,Byrne,AL,1.0,R,78.0,0.9358974358974358,0.92032917,29.4,101,AL-01,Bradley Byrne,@RepByrne
36,116,house,B001291,Babin,TX,36.0,R,84.0,0.9523809523809521,0.93148976,46.8,495,TX-36,Brian Babin,@RepBrianBabin
37,116,house,B001292,Beyer,VA,8.0,D,87.0,0.0574712643678161,0.05267914,-52.6,507,VA-08,Donald Beyer ,@RepDonBeyer
38,116,house,B001295,Bost,IL,12.0,R,89.0,0.876404494382023,0.77858386,14.8,248,IL-12,Mike Bost,@RepBost
39,116,house,B001296,Boyle,PA,2.0,D,89.0,0.0786516853932584,0.06413335,-48.0,425,PA-02,Brendan Boyle,@CongBoyle
40,116,house,B001297,Buck,CO,4.0,R,86.0,0.895348837209302,0.88911615,23.1,177,CO-04,Ken Buck,@RepKenBuck
41,116,house,B001298,Bacon,NE,2.0,R,89.0,0.8202247191011239,0.32687275,2.2,348,NE-02,Don Bacon,@RepDonBacon
42,116,house,B001299,Banks,IN,3.0,R,89.0,0.8988764044943821,0.92817238,35.0,257,IN-03,Jim Banks,@RepJimBanks
43,116,house,B001300,Barragán,CA,44.0,D,89.0,0.0674157303370786,0.05850395,-70.7,164,CA-44,Nanette Diaz Barragán,@RepBarragan
44,116,house,B001301,Bergman,MI,1.0,R,87.0,0.9425287356321842,0.87927935,21.3,299,MI-01,Jack Bergman,@RepJackBergman
45,116,house,B001302,Biggs,AZ,5.0,R,88.0,0.931818181818182,0.8753865,21.1,116,AZ-05,Andy Biggs,@RepAndyBiggsAZ
46,116,house,B001304,Brown,MD,4.0,D,89.0,0.0449438202247191,0.06138917,-57.5,68,OH ,Sherrod Brown,@SenSherrodBrown
47,116,house,B001304,Brown,MD,4.0,D,89.0,0.0449438202247191,0.06138917,-57.5,285,MD-04,Anthony Brown,@RepAnthonyBrown
48,116,senate,B000944,Brown,OH,,D,43.0,0.18604651162790697,0.57551594,8.129574400000001,68,OH ,Sherrod Brown,@SenSherrodBrown
49,116,senate,B000944,Brown,OH,,D,43.0,0.18604651162790697,0.57551594,8.129574400000001,285,MD-04,Anthony Brown,@RepAnthonyBrown
50,116,house,B001305,Budd,NC,13.0,R,86.0,0.9418604651162791,0.6157056,9.4,345,NC-13,Ted Budd,@RepTedBudd
51,116,house,B001306,Balderson,OH,12.0,R,89.0,0.8988764044943821,0.677608,11.3,409,OH-12,Troy Balderson,@RepBalderson
52,116,house,B001307,Baird,IN,4.0,R,89.0,0.9438202247191009,0.92708437,34.1,258,IN-04,James Baird,@RepJimBaird
53,116,house,B001308,Brindisi,NY,22.0,D,89.0,0.12359550561797801,0.79435587,15.5,392,NY-22,Anthony Brindisi,@RepBrindisi
54,116,house,B001309,Burchett,TN,2.0,R,88.0,0.943181818181818,0.92780517,35.4,452,TN-02,Tim Burchett,@RepTimBurchett
55,116,house,C000059,Calvert,CA,42.0,R,88.0,0.943181818181818,0.70663624,12.0,162,CA-42,Ken Calvert,@KenCalvert
56,116,house,C000266,Chabot,OH,1.0,R,89.0,0.9213483146067422,0.49602646,6.6,398,OH-01,Steve Chabot,@RepSteveChabot
57,116,house,C000537,Clyburn,SC,6.0,D,80.0,0.075,0.07528585,-36.5,448,SC-06,James Clyburn,@WhipClyburn
58,116,house,C000754,Cooper,TN,5.0,D,88.0,0.0568181818181818,0.08637624,-18.4,455,TN-05,Jim Cooper,@repjimcooper
59,116,house,C000984,Cummings,MD,7.0,D,42.0,0.0476190476190476,0.02921566,-55.6,288,MD-07,Eliah Cummings,@RepCummings
60,116,house,C001049,Clay,MO,1.0,D,86.0,0.0465116279069767,0.06334696,-58.2,321,MO-01,Wm. Lacy Clay ,@LacyClayMO1
61,116,house,C001051,Carter,TX,31.0,R,74.0,0.972972972972973,0.73294392,12.7,215,GA-01,"Earl ""Buddy"" Carter",@RepBuddyCarter
62,116,house,C001051,Carter,TX,31.0,R,74.0,0.972972972972973,0.73294392,12.7,490,TX-31,John Carter,@JudgeCarter
63,116,house,C001103,Carter,GA,1.0,R,89.0,0.9325842696629209,0.79435587,15.5,215,GA-01,"Earl ""Buddy"" Carter",@RepBuddyCarter
64,116,house,C001103,Carter,GA,1.0,R,89.0,0.9325842696629209,0.79435587,15.5,490,TX-31,John Carter,@JudgeCarter
65,116,house,C001053,Cole,OK,4.0,R,89.0,0.9213483146067422,0.9305244,37.4,417,OK-04,Tom Cole,@TomColeOK04
66,116,house,C001055,Case,HI,1.0,D,89.0,0.0786516853932584,0.0707677,-32.6,229,HI-01,Ed Case,@RepEdCase
67,116,house,C001059,Costa,CA,16.0,D,89.0,0.0674157303370786,0.08048278,-21.6,136,CA-16,Jim Costa,@RepJimCosta
68,116,house,C001061,Cleaver,MO,5.0,D,85.0,0.0705882352941176,0.09819903,-13.5,325,MO-05,Emanuel Cleaver,@repcleaver
69,116,house,C001062,Conaway,TX,11.0,R,89.0,0.9213483146067422,0.93749989,58.7,470,TX-11,K. Michael Conaway,@ConawayTX11
70,116,house,C001063,Cuellar,TX,28.0,D,88.0,0.11363636363636401,0.08236754,-19.8,487,TX-28,Henry Cuellar,@RepCuellar
71,116,house,C001066,Castor,FL,14.0,D,89.0,0.0674157303370786,0.08591045,-18.2,201,FL-14,Kathy Castor,@USRepKCastor
72,116,house,C001067,Clarke,NY,9.0,D,89.0,0.0898876404494382,0.05880624,-69.1,379,NY-09,Yvette Clarke,@RepYvetteClarke
73,116,house,C001068,Cohen,TN,9.0,D,88.0,0.0568181818181818,0.06203517,-57.7,459,TN-09,Steve Cohen,@RepCohen
74,116,house,C001069,Courtney,CT,2.0,D,89.0,0.0674157303370786,0.19310176,-2.9,182,CT-02,Joe Courtney,@RepJoeCourtney
75,116,house,C001072,Carson,IN,7.0,D,89.0,0.0674157303370786,0.07896403,-22.8,261,IN-07,André Carson,@RepAndreCarson
76,116,house,C001078,Connolly,VA,11.0,D,89.0,0.0674157303370786,0.06734516,-39.4,510,VA-11,Gerald Connolly,@GerryConnolly
77,116,house,C001080,Chu,CA,27.0,D,88.0,0.0795454545454545,0.06892530000000001,-37.6,147,CA-27,Judy Chu,@RepJudyChu
78,116,house,C001084,Cicilline,RI,1.0,D,88.0,0.0681818181818182,0.07681398,-25.6,441,RI-01,David Cicilline,@davidcicilline
79,116,house,C001087,Crawford,AR,1.0,R,80.0,0.925,0.921667,34.8,108,AR-01,"Eric ""Rick"" Crawford",@RepRickCrawford
80,116,house,C001090,Cartwright,PA,8.0,D,84.0,0.0714285714285714,0.61767207,9.6,431,PA-08,Matt Cartwright,@RepCartwright
81,116,house,C001091,Castro,TX,20.0,D,88.0,0.0795454545454545,0.07583805,-26.7,479,TX-20,Joaquin Castro,@JoaquinCastrotx
82,116,house,C001092,Collins,NY,27.0,R,46.0,1.0,0.92630753,24.5,40,ME ,Susan Collins,@SenatorCollins
83,116,house,C001092,Collins,NY,27.0,R,46.0,1.0,0.92630753,24.5,223,GA-09,Doug Collins,@RepDougCollins
84,116,house,C001092,Collins,NY,27.0,R,46.0,1.0,0.92630753,24.5,397,NY-27,Chris Collins,@RepChrisCollins
85,116,house,C001093,Collins,GA,9.0,R,81.0,0.9753086419753091,0.96108803,58.5,40,ME ,Susan Collins,@SenatorCollins
86,116,house,C001093,Collins,GA,9.0,R,81.0,0.9753086419753091,0.96108803,58.5,223,GA-09,Doug Collins,@RepDougCollins
87,116,house,C001093,Collins,GA,9.0,R,81.0,0.9753086419753091,0.96108803,58.5,397,NY-27,Chris Collins,@RepChrisCollins
88,116,senate,C001035,Collins,ME,,R,43.0,0.44186046511627897,0.37100238,-2.96044935,40,ME ,Susan Collins,@SenatorCollins
89,116,senate,C001035,Collins,ME,,R,43.0,0.44186046511627897,0.37100238,-2.96044935,223,GA-09,Doug Collins,@RepDougCollins
90,116,senate,C001035,Collins,ME,,R,43.0,0.44186046511627897,0.37100238,-2.96044935,397,NY-27,Chris Collins,@RepChrisCollins
91,116,house,C001094,Cook,CA,8.0,R,82.0,0.902439024390244,0.8043994999999999,15.1,128,CA-08,Paul Cook,@RepPaulCook
92,116,house,C001097,Cárdenas,CA,29.0,D,87.0,0.0459770114942529,0.061946900000000006,-60.9,149,CA-29,Tony Cárdenas,@RepCardenas
93,116,house,C001101,Clark,MA,5.0,D,88.0,0.0681818181818182,0.06640713,-43.6,294,MA-05,Katherine Clark,@RepKClark
94,116,house,C001108,Comer,KY,1.0,R,89.0,0.9775280898876401,0.93580594,48.5,268,KY-01,James Comer,
95,116,house,C001109,Cheney,WY,0.0,R,83.0,0.927710843373494,0.93133623,46.29527573,533,WY - ,Liz Cheney,@RepLizCheney
96,116,house,C001110,Correa,CA,46.0,D,89.0,0.0674157303370786,0.06778543,-38.4,166,CA-46,J. Luis Correa,@RepLouCorrea
97,116,house,C001111,Crist,FL,13.0,D,89.0,0.0674157303370786,0.18763923,-3.2,200,FL-13,Charlie Crist,@RepCharlieCrist
98,116,house,C001114,Curtis,UT,3.0,R,85.0,0.9058823529411758,0.8936546999999999,23.9,498,UT-03,John Curtis,@RepJohnCurtis
99,116,house,C001115,Cloud,TX,27.0,R,89.0,0.910112359550562,0.89543249,23.6,486,TX-27,Michael Cloud,@RepCloudTX
100,116,house,C001117,Casten,IL,6.0,D,89.0,0.0674157303370786,0.13672187,-7.0,242,IL-06,Sean Casten,@RepCasten
101,116,house,C001118,Cline,VA,6.0,R,89.0,0.9438202247191009,0.90209463,24.8,505,VA-06,Ben Cline,@RepBenCline
102,116,house,C001119,Craig,MN,2.0,D,89.0,0.0674157303370786,0.29439384,1.2,314,MN-02,Angie Craig,@RepAngieCraig
103,116,house,C001120,Crenshaw,TX,2.0,R,87.0,0.908045977011494,0.60854269,9.3,461,TX-02,Dan Crenshaw,@RepDanCrenshaw
104,116,house,C001121,Crow,CO,6.0,D,89.0,0.0674157303370786,0.12097683,-8.9,179,CO-06,Jason Crow,@RepJasonCrow
105,116,house,C001122,Cunningham,SC,1.0,D,88.0,0.10227272727272699,0.73340967,13.1,443,SC-01,Joe Cunningham,@RepCunningham
106,116,house,C001123,Cisneros,CA,39.0,D,89.0,0.0674157303370786,0.12314423,-8.6,159,CA-39,Gilbert Ray  Cisneros,@RepGilCisneros
107,116,house,C001124,Cox,CA,21.0,D,88.0,0.0681818181818182,0.09298711,-15.5,141,CA-21,TJ Cox,@RepTjCox
108,116,house,D000096,Davis,IL,7.0,D,87.0,0.0689655172413793,0.05854633,-78.2,173,CA-53,Susan Davis,@RepSusanDavis
109,116,house,D000096,Davis,IL,7.0,D,87.0,0.0689655172413793,0.05854633,-78.2,243,IL-07,Danny Davis,@RepDannyDavis
110,116,house,D000096,Davis,IL,7.0,D,87.0,0.0689655172413793,0.05854633,-78.2,249,IL-13,Rodney Davis,@RodneyDavis
111,116,house,D000598,Davis,CA,53.0,D,88.0,0.0681818181818182,0.07027374,-34.9,173,CA-53,Susan Davis,@RepSusanDavis
112,116,house,D000598,Davis,CA,53.0,D,88.0,0.0681818181818182,0.07027374,-34.9,243,IL-07,Danny Davis,@RepDannyDavis
113,116,house,D000598,Davis,CA,53.0,D,88.0,0.0681818181818182,0.07027374,-34.9,249,IL-13,Rodney Davis,@RodneyDavis
114,116,house,D000619,Davis,IL,13.0,R,88.0,0.818181818181818,0.45303827,5.5,173,CA-53,Susan Davis,@RepSusanDavis
115,116,house,D000619,Davis,IL,13.0,R,88.0,0.818181818181818,0.45303827,5.5,243,IL-07,Danny Davis,@RepDannyDavis
116,116,house,D000619,Davis,IL,13.0,R,88.0,0.818181818181818,0.45303827,5.5,249,IL-13,Rodney Davis,@RodneyDavis
117,116,house,D000191,DeFazio,OR,4.0,D,86.0,0.0465116279069767,0.25073295,-0.1,422,OR-04,Peter DeFazio,@RepPeterDeFazio
118,116,house,D000197,DeGette,CO,1.0,D,89.0,0.0674157303370786,0.064874,-45.8,174,CO-01,Diana DeGette,@RepDianaDeGette
119,116,house,D000216,DeLauro,CT,3.0,D,86.0,0.0697674418604651,0.09439545,-15.5,183,CT-03,Rosa DeLauro,@rosadelauro
120,116,house,D000399,Doggett,TX,35.0,D,88.0,0.0909090909090909,0.07098484,-33.6,494,TX-35,Lloyd Doggett,@RepLloydDoggett
121,116,house,D000482,Doyle,PA,18.0,D,88.0,0.0795454545454545,0.07512636,-27.5,440,PA-18,Michael Doyle,@USRepMikeDoyle
122,116,house,D000600,Diaz-Balart,FL,25.0,R,87.0,0.8620689655172409,0.31662844,1.8,212,FL-25,Mario Diaz-Balart,@MarioDB
123,116,house,D000610,Deutch,FL,22.0,D,88.0,0.0681818181818182,0.09209282,-15.8,209,FL-22,Theodore Deutch,@RepTedDeutch
124,116,house,D000614,Duffy,WI,7.0,R,43.0,0.9302325581395351,0.89536251,20.5,528,WI-07,Sean Duffy,@RepSeanDuffy
125,116,house,D000615,Duncan,SC,3.0,R,85.0,0.9647058823529409,0.9317466,38.0,445,SC-03,Jeff Duncan,@RepJeffDuncan
126,116,house,D000616,DesJarlais,TN,4.0,R,85.0,0.929411764705882,0.92994471,41.2,454,TN-04,Scott DesJarlais,@DesJarlaisTN04
127,116,house,D000617,DelBene,WA,1.0,D,88.0,0.0681818181818182,0.09094408,-16.3,512,WA-01,Suzan DelBene,@RepDelBene
128,116,house,D000623,DeSaulnier,CA,11.0,D,87.0,0.0689655172413793,0.05386336,-48.8,131,CA-11,Mark DeSaulnier,@RepDeSaulnier
129,116,house,D000624,Dingell,MI,12.0,D,88.0,0.0681818181818182,0.07607409,-26.3,310,MI-12,Debbie Dingell,@RepDebDingell
130,116,house,D000626,Davidson,OH,8.0,R,86.0,0.9302325581395351,0.92506081,34.5,405,OH-08,Warren Davidson,@WarrenDavidson
131,116,house,D000627,Demings,FL,10.0,D,89.0,0.0674157303370786,0.07481644,-26.9,197,FL-10,Val Butler Demings,@RepValDemings
132,116,house,D000628,Dunn,FL,2.0,R,82.0,0.963414634146341,0.9568225,35.6,189,FL-02,Neal Dunn,@DrNealDunnFL2
133,116,house,D000629,Davids,KS,3.0,D,89.0,0.0786516853932584,0.22888416,-1.2,266,KS-03,Sharice Davids,@RepDavids
134,116,house,D000631,Dean,PA,4.0,D,89.0,0.0561797752808989,0.08393898,-19.3,427,PA-04,Madeleine Dean,@RepDean
135,116,house,E000179,Engel,NY,16.0,D,88.0,0.0454545454545455,0.06101601,-52.6,386,NY-16,Eliot Engel,@RepEliotEngel
136,116,house,E000215,Eshoo,CA,18.0,D,87.0,0.0689655172413793,0.06398735,-53.2,138,CA-18,Anna Eshoo,@RepAnnaEshoo
137,116,house,E000294,Emmer,MN,6.0,R,79.0,0.9113924050632909,0.89706353,25.7,318,MN-06,Tom Emmer,@RepTomEmmer
138,116,house,E000296,Evans,PA,3.0,D,87.0,0.0574712643678161,0.05769381,-83.9,426,PA-03,Dwight Evans,@RepDwightEvans
139,116,house,E000297,Espaillat,NY,13.0,D,89.0,0.101123595505618,0.05599657,-86.9,383,NY-13,Adriano Espaillat,@RepEspaillat
140,116,house,E000298,Estes,KS,4.0,R,88.0,0.9659090909090909,0.91114655,27.2,267,KS-04,Ron Estes,@RepRonEstes
141,116,house,E000299,Escobar,TX,16.0,D,88.0,0.0568181818181818,0.06755684,-40.7,475,TX-16,Veronica Escobar,@RepEscobar
142,116,house,F000449,Fortenberry,NE,1.0,R,85.0,0.882352941176471,0.88918399,21.3,347,NE-01,Jeff Fortenberry,@JeffFortenberry
143,116,house,F000450,Foxx,NC,5.0,R,88.0,0.920454545454545,0.8337868,17.6,338,NC-05,Virginia Foxx,@virginiafoxx
144,116,house,F000454,Foster,IL,11.0,D,89.0,0.0674157303370786,0.07815158,-23.5,247,IL-11,Bill Foster,@RepBillFoster
145,116,house,F000455,Fudge,OH,11.0,D,86.0,0.0581395348837209,0.062013099999999995,-63.5,408,OH-11,Marcia Fudge,@RepMarciaFudge
146,116,house,F000459,Fleischmann,TN,3.0,R,89.0,0.9550561797752809,0.92839718,35.2,453,TN-03,"Charles ""Chuck"" Fleischmann",@RepChuck
147,116,house,F000461,Flores,TX,17.0,R,85.0,0.929411764705882,0.8355969999999999,17.5,476,TX-17,Bill Flores,@RepBillFlores
148,116,house,F000462,Frankel,FL,21.0,D,82.0,0.0731707317073171,0.09072552,-19.5,208,FL-21,Lois Frankel,@RepLoisFrankel
149,116,house,F000465,Ferguson,GA,3.0,R,87.0,0.931034482758621,0.9235629000000001,31.5,217,GA-03,A. Drew Ferguson,@RepDrewFerguson
150,116,house,F000466,Fitzpatrick,PA,1.0,R,87.0,0.37931034482758597,0.21177516,-2.0,424,PA-01,Brian Fitzpatrick,@RepBrianFitz
151,116,house,F000467,Finkenauer,IA,1.0,D,89.0,0.0898876404494382,0.37315719,3.5,231,IA-01,Abby Finkenauer,@RepFinkenauer
152,116,house,F000468,Fletcher,TX,7.0,D,89.0,0.101123595505618,0.22423074,-1.4,466,TX-07,Lizzie Fletcher,@RepFletcher
153,116,house,F000469,Fulcher,ID,1.0,R,89.0,0.9550561797752809,0.93123945,38.3,235,ID-01,Russ Fulcher,@RepRussFulcher
154,116,house,G000061,Garcia,CA,25.0,R,16.0,0.8125,0.20363644,-6.7,488,TX-29,Sylvia Garcia,@RepSylviaGarcia
155,116,house,G000587,Garcia,TX,29.0,D,89.0,0.0786516853932584,0.06490881,-45.7,488,TX-29,Sylvia Garcia,@RepSylviaGarcia
156,116,house,G000377,Granger,TX,12.0,R,75.0,0.933333333333333,0.91071803,30.2,471,TX-12,Kay Granger,@RepKayGranger
157,116,house,G000546,Graves,MO,6.0,R,87.0,0.8850574712643678,0.92233097,31.4,228,GA-14,Tom Graves,@RepTomGraves
158,116,house,G000546,Graves,MO,6.0,R,87.0,0.8850574712643678,0.92233097,31.4,279,LA-06,Garret Graves,@RepGarretGraves
159,116,house,G000546,Graves,MO,6.0,R,87.0,0.8850574712643678,0.92233097,31.4,326,MO-06,Sam Graves,@RepSamGraves
160,116,house,G000560,Graves,GA,14.0,R,81.0,0.9753086419753091,0.97196384,52.9,228,GA-14,Tom Graves,@RepTomGraves
161,116,house,G000560,Graves,GA,14.0,R,81.0,0.9753086419753091,0.97196384,52.9,279,LA-06,Garret Graves,@RepGarretGraves
162,116,house,G000560,Graves,GA,14.0,R,81.0,0.9753086419753091,0.97196384,52.9,326,MO-06,Sam Graves,@RepSamGraves
163,116,house,G000577,Graves,LA,6.0,R,87.0,0.931034482758621,0.93543293,33.8,228,GA-14,Tom Graves,@RepTomGraves
164,116,house,G000577,Graves,LA,6.0,R,87.0,0.931034482758621,0.93543293,33.8,279,LA-06,Garret Graves,@RepGarretGraves
165,116,house,G000577,Graves,LA,6.0,R,87.0,0.931034482758621,0.93543293,33.8,326,MO-06,Sam Graves,@RepSamGraves
166,116,house,G000552,Gohmert,TX,1.0,R,85.0,0.917647058823529,0.93240028,46.9,460,TX-01,Louie Gohmert,@replouiegohmert
167,116,house,G000553,Green,TX,9.0,D,89.0,0.0561797752808989,0.06046116,-61.3,457,TN-07,Mark Green,@RepMarkGreen
168,116,house,G000553,Green,TX,9.0,D,89.0,0.0561797752808989,0.06046116,-61.3,468,TX-09,Al Green,@RepAlGreen
169,116,house,G000590,Green,TN,7.0,R,85.0,0.9058823529411758,0.92905874,39.3,457,TN-07,Mark Green,@RepMarkGreen
170,116,house,G000590,Green,TN,7.0,R,85.0,0.9058823529411758,0.92905874,39.3,468,TX-09,Al Green,@RepAlGreen
171,116,house,G000558,Guthrie,KY,2.0,R,85.0,0.929411764705882,0.92915003,39.9,269,KY-02,Brett Guthrie,@RepGuthrie
172,116,house,G000559,Garamendi,CA,3.0,D,87.0,0.0689655172413793,0.1035733,-12.6,123,CA-03,John Garamendi,@RepGaramendi
173,116,house,G000563,Gibbs,OH,7.0,R,83.0,0.927710843373494,0.92363534,29.7,404,OH-07,Bob Gibbs,@RepBobGibbs
174,116,house,G000565,Gosar,AZ,4.0,R,80.0,0.95,0.92902875,40.2,115,AZ-04,Paul Gosar,@RepGosar
175,116,house,G000568,Griffith,VA,9.0,R,87.0,0.908045977011494,0.93899499,41.5,508,VA-09,H. Morgan Griffith,@RepMGriffith
176,116,house,G000571,Gabbard,HI,2.0,D,58.0,0.12068965517241399,0.09587181,-31.8,230,HI-02,Tulsi Gabbard,@TulsiPress
177,116,house,G000574,Gallego,AZ,7.0,D,87.0,0.0689655172413793,0.06517836,-49.2,118,AZ-07,Ruben Gallego,@RepRubenGallego
178,116,house,G000576,Grothman,WI,6.0,R,87.0,0.919540229885057,0.8207116,16.9,527,WI-06,Glenn Grothman,@RepGrothman
179,116,house,G000578,Gaetz,FL,1.0,R,82.0,0.890243902439024,0.93825703,39.3,188,FL-01,Matt Gaetz,@RepMattGaetz
180,116,house,G000579,Gallagher,WI,8.0,R,81.0,0.8024691358024691,0.82281581,17.6,529,WI-08,Mike Gallagher,@RepGallagher
181,116,house,G000581,Gonzalez,TX,15.0,D,87.0,0.0919540229885057,0.09018629,-16.7,413,OH-16,Anthony Gonzalez,@RepAGonzalez
182,116,house,G000581,Gonzalez,TX,15.0,D,87.0,0.0919540229885057,0.09018629,-16.7,474,TX-15,Vicente Gonzalez,@RepGonzalez
183,116,house,G000588,Gonzalez,OH,16.0,R,88.0,0.8863636363636359,0.81497264,16.6,413,OH-16,Anthony Gonzalez,@RepAGonzalez
184,116,house,G000588,Gonzalez,OH,16.0,R,88.0,0.8863636363636359,0.81497264,16.6,474,TX-15,Vicente Gonzalez,@RepGonzalez
185,116,house,G000583,Gottheimer,NJ,5.0,D,88.0,0.0795454545454545,0.2916355,1.1,356,NJ-05,Josh Gottheimer,@RepJoshG
186,116,house,G000584,Gianforte,MT,0.0,R,88.0,0.931818181818182,0.87095947,20.42273211,333,MT - ,Greg Gianforte,
187,116,house,G000585,Gomez,CA,34.0,D,89.0,0.101123595505618,0.05810687,-72.9,154,CA-34,Jimmy Gomez,@RepJimmyGomez
188,116,house,G000586,García,IL,4.0,D,89.0,0.0898876404494382,0.05884486,-68.9,240,IL-04,"Jesús ""Chuy"" García",@RepChuyGarcia
189,116,house,G000589,Gooden,TX,5.0,R,88.0,0.943181818181818,0.91498367,28.4,464,TX-05,Lance Gooden,@RepLanceGooden
190,116,house,G000591,Guest,MS,3.0,R,89.0,0.9438202247191009,0.90054788,24.5,331,MS-03,Michael Guest,@RepMichaelGuest
191,116,house,G000592,Golden,ME,2.0,D,89.0,0.134831460674157,0.64230771,10.3,281,ME-02,Jared Golden,@RepGolden
192,116,house,H000324,Hastings,FL,20.0,D,84.0,0.0714285714285714,0.0638628,-62.1,207,FL-20,Alcee Hastings,@RepHastingsFL
193,116,house,H000874,Hoyer,MD,5.0,D,89.0,0.0674157303370786,0.07112957,-32.0,286,MD-05,Steny Hoyer,@LeaderHoyer
194,116,house,H001038,Higgins,NY,26.0,D,89.0,0.0561797752808989,0.08344075,-19.6,276,LA-03,Clay Higgins,@RepClayHiggins
195,116,house,H001038,Higgins,NY,26.0,D,89.0,0.0561797752808989,0.08344075,-19.6,396,NY-26,Brian Higgins,@RepBrianHiggins
196,116,house,H001077,Higgins,LA,3.0,R,84.0,0.9642857142857142,0.92923759,38.1,276,LA-03,Clay Higgins,@RepClayHiggins
197,116,house,H001077,Higgins,LA,3.0,R,84.0,0.9642857142857142,0.92923759,38.1,396,NY-26,Brian Higgins,@RepBrianHiggins
198,116,house,H001047,Himes,CT,4.0,D,87.0,0.0689655172413793,0.08038528,-23.0,184,CT-04,James Himes,@jahimes
199,116,house,H001048,Hunter,CA,50.0,R,55.0,0.9636363636363641,0.78737857,15.0,170,CA-50,Duncan Hunter,@Rep_Hunter
200,116,house,H001052,Harris,MD,1.0,R,88.0,0.9772727272727271,0.91555724,28.6,9,CA ,Kamala Harris,@SenKamalaHarris
201,116,house,H001052,Harris,MD,1.0,R,88.0,0.9772727272727271,0.91555724,28.6,282,MD-01,Andy Harris,@RepAndyHarrisMD
202,116,senate,H001075,Harris,CA,,D,30.0,0.133333333333333,0.19056073,-30.10929307,9,CA ,Kamala Harris,@SenKamalaHarris
203,116,senate,H001075,Harris,CA,,D,30.0,0.133333333333333,0.19056073,-30.10929307,282,MD-01,Andy Harris,@RepAndyHarrisMD
204,116,house,H001053,Hartzler,MO,4.0,R,85.0,0.917647058823529,0.92667383,36.0,324,MO-04,Vicky Hartzler,@RepHartzler
205,116,house,H001058,Huizenga,MI,2.0,R,86.0,0.918604651162791,0.83615061,17.6,300,MI-02,Bill Huizenga,@RepHuizenga
206,116,house,H001064,Heck,WA,10.0,D,88.0,0.0795454545454545,0.10731111,-11.4,521,WA-10,Denny Heck,@RepDennyHeck
207,116,house,H001065,Holding,NC,2.0,R,83.0,0.9036144578313249,0.61409631,9.6,335,NC-02,George Holding,@RepHolding
208,116,house,H001066,Horsford,NV,4.0,D,89.0,0.0674157303370786,0.16100487,-4.9,370,NV-04,Steven Horsford,@RepHorsford
209,116,house,H001067,Hudson,NC,8.0,R,79.0,0.8987341772151899,0.78348764,15.0,341,NC-08,Richard Hudson,@RepRichHudson
210,116,house,H001068,Huffman,CA,2.0,D,87.0,0.0804597701149425,0.06640085,-45.7,122,CA-02,Jared Huffman,@RepHuffman
211,116,house,H001071,Hice,GA,10.0,R,82.0,0.9512195121951221,0.92518178,25.5,224,GA-10,Jody Hice,@CongressmanHice
212,116,house,H001072,Hill,AR,2.0,R,89.0,0.9325842696629209,0.65673161,10.7,109,AR-02,J. French Hill,@RepFrenchHill
213,116,house,H001072,Hill,AR,2.0,R,89.0,0.9325842696629209,0.65673161,10.7,145,CA-25,Katie Hill,@RepKatieHill
214,116,house,H001087,Hill,CA,25.0,D,51.0,0.0392156862745098,0.10196635,-6.7,109,AR-02,J. French Hill,@RepFrenchHill
215,116,house,H001087,Hill,CA,25.0,D,51.0,0.0392156862745098,0.10196635,-6.7,145,CA-25,Katie Hill,@RepKatieHill
216,116,house,H001073,Hurd,TX,23.0,R,88.0,0.6477272727272729,0.18513677,-3.4,482,TX-23,Will Hurd,@HurdOnTheHill
217,116,house,H001074,Hollingsworth,IN,9.0,R,86.0,0.848837209302326,0.92532279,26.9,263,IN-09,Trey Hollingsworth,@RepTrey
218,116,house,H001080,Haaland,NM,1.0,D,89.0,0.0674157303370786,0.08948705,-16.5,364,NM-01,Debra Haaland,@RepDebHaaland
219,116,house,H001081,Hayes,CT,5.0,D,89.0,0.0674157303370786,0.17266273,-4.1,185,CT-05,Jahana Hayes,@RepJahanaHayes
220,116,house,H001082,Hern,OK,1.0,R,88.0,0.943181818181818,0.91583793,28.7,414,OK-01,Kevin Hern,@repkevinhern
221,116,house,H001083,Horn,OK,5.0,D,89.0,0.16853932584269699,0.74263334,13.4,418,OK-05,Kendra Horn,@RepKendraHorn
222,116,house,H001085,Houlahan,PA,6.0,D,89.0,0.0674157303370786,0.11824891,-9.3,429,PA-06,Chrissy Houlahan,@RepHoulahan
223,116,house,H001088,Hagedorn,MN,1.0,R,86.0,0.9418604651162791,0.78912122,14.9,313,MN-01,Jim Hagedorn,@RepHagedorn
224,116,house,H001090,Harder,CA,10.0,D,89.0,0.0561797752808989,0.19125385,-3.0,130,CA-10,Josh Harder,@RepJoshHarder
225,116,house,J000126,Johnson,TX,30.0,D,87.0,0.0574712643678161,0.061971000000000005,-60.8,95,WI ,Ron Johnson,@SenRonJohnson
226,116,house,J000126,Johnson,TX,30.0,D,87.0,0.0574712643678161,0.061971000000000005,-60.8,218,GA-04,"Henry ""Hank"" Johnson ",@RepHankJohnson
227,116,house,J000126,Johnson,TX,30.0,D,87.0,0.0574712643678161,0.061971000000000005,-60.8,277,LA-04,Mike Johnson,@RepMikeJohnson
228,116,house,J000126,Johnson,TX,30.0,D,87.0,0.0574712643678161,0.061971000000000005,-60.8,403,OH-06,Bill Johnson,@RepBillJohnson
229,116,house,J000126,Johnson,TX,30.0,D,87.0,0.0574712643678161,0.061971000000000005,-60.8,450,SD - ,Dusty Johnson,@RepDustyJohnson
230,116,house,J000126,Johnson,TX,30.0,D,87.0,0.0574712643678161,0.061971000000000005,-60.8,489,TX-30,Eddie Bernice Johnson,@RepEBJ
231,116,house,J000288,Johnson,GA,4.0,D,89.0,0.0898876404494382,0.06257793,-53.1,95,WI ,Ron Johnson,@SenRonJohnson
232,116,house,J000288,Johnson,GA,4.0,D,89.0,0.0898876404494382,0.06257793,-53.1,218,GA-04,"Henry ""Hank"" Johnson ",@RepHankJohnson
233,116,house,J000288,Johnson,GA,4.0,D,89.0,0.0898876404494382,0.06257793,-53.1,277,LA-04,Mike Johnson,@RepMikeJohnson
234,116,house,J000288,Johnson,GA,4.0,D,89.0,0.0898876404494382,0.06257793,-53.1,403,OH-06,Bill Johnson,@RepBillJohnson
235,116,house,J000288,Johnson,GA,4.0,D,89.0,0.0898876404494382,0.06257793,-53.1,450,SD - ,Dusty Johnson,@RepDustyJohnson
236,116,house,J000288,Johnson,GA,4.0,D,89.0,0.0898876404494382,0.06257793,-53.1,489,TX-30,Eddie Bernice Johnson,@RepEBJ
237,116,house,J000292,Johnson,OH,6.0,R,87.0,0.9425287356321842,0.93225859,42.6,95,WI ,Ron Johnson,@SenRonJohnson
238,116,house,J000292,Johnson,OH,6.0,R,87.0,0.9425287356321842,0.93225859,42.6,218,GA-04,"Henry ""Hank"" Johnson ",@RepHankJohnson
239,116,house,J000292,Johnson,OH,6.0,R,87.0,0.9425287356321842,0.93225859,42.6,277,LA-04,Mike Johnson,@RepMikeJohnson
240,116,house,J000292,Johnson,OH,6.0,R,87.0,0.9425287356321842,0.93225859,42.6,403,OH-06,Bill Johnson,@RepBillJohnson
241,116,house,J000292,Johnson,OH,6.0,R,87.0,0.9425287356321842,0.93225859,42.6,450,SD - ,Dusty Johnson,@RepDustyJohnson
242,116,house,J000292,Johnson,OH,6.0,R,87.0,0.9425287356321842,0.93225859,42.6,489,TX-30,Eddie Bernice Johnson,@RepEBJ
243,116,house,J000299,Johnson,LA,4.0,R,84.0,0.94047619047619,0.9070465,24.0,95,WI ,Ron Johnson,@SenRonJohnson
244,116,house,J000299,Johnson,LA,4.0,R,84.0,0.94047619047619,0.9070465,24.0,218,GA-04,"Henry ""Hank"" Johnson ",@RepHankJohnson
245,116,house,J000299,Johnson,LA,4.0,R,84.0,0.94047619047619,0.9070465,24.0,277,LA-04,Mike Johnson,@RepMikeJohnson
246,116,house,J000299,Johnson,LA,4.0,R,84.0,0.94047619047619,0.9070465,24.0,403,OH-06,Bill Johnson,@RepBillJohnson
247,116,house,J000299,Johnson,LA,4.0,R,84.0,0.94047619047619,0.9070465,24.0,450,SD - ,Dusty Johnson,@RepDustyJohnson
248,116,house,J000299,Johnson,LA,4.0,R,84.0,0.94047619047619,0.9070465,24.0,489,TX-30,Eddie Bernice Johnson,@RepEBJ
249,116,house,J000301,Johnson,SD,0.0,R,89.0,0.876404494382023,0.91954652,29.79332222,95,WI ,Ron Johnson,@SenRonJohnson
250,116,house,J000301,Johnson,SD,0.0,R,89.0,0.876404494382023,0.91954652,29.79332222,218,GA-04,"Henry ""Hank"" Johnson ",@RepHankJohnson
251,116,house,J000301,Johnson,SD,0.0,R,89.0,0.876404494382023,0.91954652,29.79332222,277,LA-04,Mike Johnson,@RepMikeJohnson
252,116,house,J000301,Johnson,SD,0.0,R,89.0,0.876404494382023,0.91954652,29.79332222,403,OH-06,Bill Johnson,@RepBillJohnson
253,116,house,J000301,Johnson,SD,0.0,R,89.0,0.876404494382023,0.91954652,29.79332222,450,SD - ,Dusty Johnson,@RepDustyJohnson
254,116,house,J000301,Johnson,SD,0.0,R,89.0,0.876404494382023,0.91954652,29.79332222,489,TX-30,Eddie Bernice Johnson,@RepEBJ
255,116,senate,J000293,Johnson,WI,,R,43.0,0.8372093023255809,0.43600963,0.7643432,95,WI ,Ron Johnson,@SenRonJohnson
256,116,senate,J000293,Johnson,WI,,R,43.0,0.8372093023255809,0.43600963,0.7643432,218,GA-04,"Henry ""Hank"" Johnson ",@RepHankJohnson
257,116,senate,J000293,Johnson,WI,,R,43.0,0.8372093023255809,0.43600963,0.7643432,277,LA-04,Mike Johnson,@RepMikeJohnson
258,116,senate,J000293,Johnson,WI,,R,43.0,0.8372093023255809,0.43600963,0.7643432,403,OH-06,Bill Johnson,@RepBillJohnson
259,116,senate,J000293,Johnson,WI,,R,43.0,0.8372093023255809,0.43600963,0.7643432,450,SD - ,Dusty Johnson,@RepDustyJohnson
260,116,senate,J000293,Johnson,WI,,R,43.0,0.8372093023255809,0.43600963,0.7643432,489,TX-30,Eddie Bernice Johnson,@RepEBJ
261,116,house,J000289,Jordan,OH,4.0,R,89.0,0.9213483146067422,0.92642127,33.6,401,OH-04,Jim Jordan,@Jim_Jordan
262,116,house,J000294,Jeffries,NY,8.0,D,88.0,0.0681818181818182,0.05909416,-71.1,378,NY-08,Hakeem Jeffries,@RepJeffries
263,116,house,J000295,Joyce,OH,14.0,R,85.0,0.8705882352941179,0.67923661,11.5,411,OH-14,David Joyce,@RepDaveJoyce
264,116,house,J000295,Joyce,OH,14.0,R,85.0,0.8705882352941179,0.67923661,11.5,435,PA-13,John Joyce,@RepJohnJoyce
265,116,house,J000302,Joyce,PA,13.0,R,88.0,0.954545454545455,0.93425375,45.7,411,OH-14,David Joyce,@RepDaveJoyce
266,116,house,J000302,Joyce,PA,13.0,R,88.0,0.954545454545455,0.93425375,45.7,435,PA-13,John Joyce,@RepJohnJoyce
267,116,house,J000298,Jayapal,WA,7.0,D,88.0,0.10227272727272699,0.05932015,-69.9,518,WA-07,Pramila Jayapal,@RepJayapal
268,116,house,K000009,Kaptur,OH,9.0,D,89.0,0.0561797752808989,0.0797023,-22.2,406,OH-09,Marcy Kaptur,@RepMarcyKaptur
269,116,house,K000188,Kind,WI,3.0,D,84.0,0.0714285714285714,0.41263286,4.5,524,WI-03,Ron Kind,@RepRonKind
270,116,house,K000210,King,NY,2.0,R,87.0,0.7471264367816091,0.59813772,9.1,41,ME ,Angus King ,@SenAngusKing
271,116,house,K000210,King,NY,2.0,R,87.0,0.7471264367816091,0.59813772,9.1,234,IA-04,Steve King,
272,116,house,K000210,King,NY,2.0,R,87.0,0.7471264367816091,0.59813772,9.1,372,NY-02,Peter King,@RepPeteKing
273,116,house,K000362,King,IA,4.0,R,76.0,0.9605263157894741,0.93239822,27.4,41,ME ,Angus King ,@SenAngusKing
274,116,house,K000362,King,IA,4.0,R,76.0,0.9605263157894741,0.93239822,27.4,234,IA-04,Steve King,
275,116,house,K000362,King,IA,4.0,R,76.0,0.9605263157894741,0.93239822,27.4,372,NY-02,Peter King,@RepPeteKing
276,116,senate,K000383,King,ME,,I,43.0,0.209302325581395,0.37100238,-2.96044935,41,ME ,Angus King ,@SenAngusKing
277,116,senate,K000383,King,ME,,I,43.0,0.209302325581395,0.37100238,-2.96044935,234,IA-04,Steve King,
278,116,senate,K000383,King,ME,,I,43.0,0.209302325581395,0.37100238,-2.96044935,372,NY-02,Peter King,@RepPeteKing
279,116,house,K000368,Kirkpatrick,AZ,2.0,D,80.0,0.05,0.15563614,-4.9,113,AZ-02,Ann Kirkpatrick,@RepKirkpatrick
280,116,house,K000375,Keating,MA,9.0,D,88.0,0.0681818181818182,0.11076760000000002,-10.7,298,MA-09,William Keating,@USRepKeating
281,116,house,K000376,Kelly,PA,16.0,R,87.0,0.931034482758621,0.86476091,20.0,238,IL-02,Robin Kelly,@RepRobinKelly
282,116,house,K000376,Kelly,PA,16.0,R,87.0,0.931034482758621,0.86476091,20.0,329,MS-01,Trent Kelly,@RepTrentKelly
283,116,house,K000376,Kelly,PA,16.0,R,87.0,0.931034482758621,0.86476091,20.0,438,PA-16,Mike Kelly,@MikeKellyPA
284,116,house,K000385,Kelly,IL,2.0,D,89.0,0.0561797752808989,0.06103719,-58.9,238,IL-02,Robin Kelly,@RepRobinKelly
285,116,house,K000385,Kelly,IL,2.0,D,89.0,0.0561797752808989,0.06103719,-58.9,329,MS-01,Trent Kelly,@RepTrentKelly
286,116,house,K000385,Kelly,IL,2.0,D,89.0,0.0561797752808989,0.06103719,-58.9,438,PA-16,Mike Kelly,@MikeKellyPA
287,116,house,K000388,Kelly,MS,1.0,R,87.0,0.9425287356321842,0.92659971,33.0,238,IL-02,Robin Kelly,@RepRobinKelly
288,116,house,K000388,Kelly,MS,1.0,R,87.0,0.9425287356321842,0.92659971,33.0,329,MS-01,Trent Kelly,@RepTrentKelly
289,116,house,K000388,Kelly,MS,1.0,R,87.0,0.9425287356321842,0.92659971,33.0,438,PA-16,Mike Kelly,@MikeKellyPA
290,116,senate,K000377,Kelly,AZ,,D,3.0,0.33333333333333304,0.40705551,3.54559463,238,IL-02,Robin Kelly,@RepRobinKelly
291,116,senate,K000377,Kelly,AZ,,D,3.0,0.33333333333333304,0.40705551,3.54559463,329,MS-01,Trent Kelly,@RepTrentKelly
292,116,senate,K000377,Kelly,AZ,,D,3.0,0.33333333333333304,0.40705551,3.54559463,438,PA-16,Mike Kelly,@MikeKellyPA
293,116,house,K000378,Kinzinger,IL,16.0,R,85.0,0.8352941176470591,0.82461869,17.2,252,IL-16,Adam Kinzinger,@RepKinzinger
294,116,house,K000379,Kennedy,MA,4.0,D,89.0,0.0786516853932584,0.07738719999999999,-24.2,35,LA ,John Kennedy,@SenJohnKennedy
295,116,house,K000379,Kennedy,MA,4.0,D,89.0,0.0786516853932584,0.07738719999999999,-24.2,293,MA-04,Joseph Kennedy,@RepJoeKennedy
296,116,senate,K000393,Kennedy,LA,,R,43.0,0.9069767441860458,0.75040591,19.63911856,35,LA ,John Kennedy,@SenJohnKennedy
297,116,senate,K000393,Kennedy,LA,,R,43.0,0.9069767441860458,0.75040591,19.63911856,293,MA-04,Joseph Kennedy,@RepJoeKennedy
298,116,house,K000380,Kildee,MI,5.0,D,89.0,0.0786516853932584,0.17112358,-4.2,303,MI-05,Daniel Kildee,@RepDanKildee
299,116,house,K000381,Kilmer,WA,6.0,D,88.0,0.0681818181818182,0.10357192,-12.3,517,WA-06,Derek Kilmer,@RepDerekKilmer
300,116,house,K000382,Kuster,NH,2.0,D,87.0,0.0804597701149425,0.20369179999999998,-2.4,351,NH-02,Ann Kuster,@RepAnnieKuster
301,116,house,K000386,Katko,NY,24.0,R,82.0,0.536585365853659,0.19070977,-3.6,394,NY-24,John Katko,@RepJohnKatko
302,116,house,K000389,Khanna,CA,17.0,D,89.0,0.11235955056179801,0.06249267,-53.4,137,CA-17,Ro Khanna,@RepRoKhanna
303,116,house,K000391,Krishnamoorthi,IL,8.0,D,89.0,0.0674157303370786,0.08034962,-21.7,244,IL-08,Raa Krishnamoorthi,@CongressmanRaja
304,116,house,K000392,Kustoff,TN,8.0,R,86.0,0.9418604651162791,0.92749889,35.6,458,TN-08,David Kustoff,@RepDavidKustoff
305,116,house,K000394,Kim,NJ,3.0,D,89.0,0.0674157303370786,0.47964478,6.2,354,NJ-03,Andy Kim,@RepAndyKimNJ
306,116,house,L000287,Lewis,GA,5.0,D,67.0,0.0447761194029851,0.02483663,-73.1,219,GA-05,John Lewis,@repjohnlewis
307,116,house,L000397,Lofgren,CA,19.0,D,85.0,0.0705882352941176,0.06601579,-51.4,139,CA-19,Zoe Lofgren,@RepZoeLofgren
308,116,house,L000480,Lowey,NY,17.0,D,88.0,0.0568181818181818,0.08342186,-20.2,387,NY-17,Nita Lowey,@NitaLowey
309,116,house,L000491,Lucas,OK,3.0,R,84.0,0.94047619047619,0.94293323,52.7,416,OK-03,Frank Lucas,@RepFrankLucas
310,116,house,L000551,Lee,CA,13.0,D,88.0,0.0909090909090909,0.05751354,-80.6,86,UT ,Mike Lee,@SenMikeLee
311,116,house,L000551,Lee,CA,13.0,D,88.0,0.0909090909090909,0.05751354,-80.6,133,CA-13,Barbara Lee,@RepBarbaraLee
312,116,house,L000551,Lee,CA,13.0,D,88.0,0.0909090909090909,0.05751354,-80.6,369,NV-03,Susie Lee,@RepSusieLee
313,116,house,L000551,Lee,CA,13.0,D,88.0,0.0909090909090909,0.05751354,-80.6,477,TX-18,Sheila Jackson Lee,@JacksonLeeTX18
314,116,house,L000590,Lee,NV,3.0,D,88.0,0.0795454545454545,0.28897384,1.0,86,UT ,Mike Lee,@SenMikeLee
315,116,house,L000590,Lee,NV,3.0,D,88.0,0.0795454545454545,0.28897384,1.0,133,CA-13,Barbara Lee,@RepBarbaraLee
316,116,house,L000590,Lee,NV,3.0,D,88.0,0.0795454545454545,0.28897384,1.0,369,NV-03,Susie Lee,@RepSusieLee
317,116,house,L000590,Lee,NV,3.0,D,88.0,0.0795454545454545,0.28897384,1.0,477,TX-18,Sheila Jackson Lee,@JacksonLeeTX18
318,116,senate,L000577,Lee,UT,,R,41.0,0.658536585365854,0.72557072,18.07933323,86,UT ,Mike Lee,@SenMikeLee
319,116,senate,L000577,Lee,UT,,R,41.0,0.658536585365854,0.72557072,18.07933323,133,CA-13,Barbara Lee,@RepBarbaraLee
320,116,senate,L000577,Lee,UT,,R,41.0,0.658536585365854,0.72557072,18.07933323,369,NV-03,Susie Lee,@RepSusieLee
321,116,senate,L000577,Lee,UT,,R,41.0,0.658536585365854,0.72557072,18.07933323,477,TX-18,Sheila Jackson Lee,@JacksonLeeTX18
322,116,house,L000557,Larson,CT,1.0,D,88.0,0.0681818181818182,0.07950283,-23.1,181,CT-01,John Larson,@RepJohnLarson
323,116,house,L000559,Langevin,RI,2.0,D,89.0,0.0786516853932584,0.13576295,-7.1,442,RI-02,James Langevin,@JimLangevin
324,116,house,L000560,Larsen,WA,2.0,D,88.0,0.0568181818181818,0.08073208,-22.1,513,WA-02,Rick Larsen,@RepRickLarsen
325,116,house,L000562,Lynch,MA,8.0,D,89.0,0.0674157303370786,0.0756136,-26.0,297,MA-08,Stephen Lynch,@RepStephenLynch
326,116,house,L000563,Lipinski,IL,3.0,D,86.0,0.0465116279069767,0.08294038,-15.3,239,IL-03,Daniel Lipinski,@RepLipinski
327,116,house,L000564,Lamborn,CO,5.0,R,88.0,0.920454545454545,0.89818631,24.0,178,CO-05,Doug Lamborn,@RepDLamborn
328,116,house,L000565,Loebsack,IA,2.0,D,88.0,0.0681818181818182,0.39718312,4.1,232,IA-02,David Loebsack,@daveloebsack
329,116,house,L000566,Latta,OH,5.0,R,89.0,0.9213483146067422,0.90356881,25.1,402,OH-05,Robert Latta,@boblatta
330,116,house,L000569,Luetkemeyer,MO,3.0,R,87.0,0.931034482758621,0.93027791,39.0,323,MO-03,Blaine Luetkemeyer,@RepBlaine
331,116,house,L000576,Long,MO,7.0,R,88.0,0.943181818181818,0.93433675,45.7,327,MO-07,Billy Long,@USRepLong
332,116,house,L000578,LaMalfa,CA,1.0,R,87.0,0.919540229885057,0.86996234,19.7,121,CA-01,Doug LaMalfa,@RepLaMalfa
333,116,house,L000579,Lowenthal,CA,47.0,D,89.0,0.0561797752808989,0.07137779,-31.6,167,CA-47,Alan Lowenthal,@RepLowenthal
334,116,house,L000581,Lawrence,MI,14.0,D,84.0,0.0595238095238095,0.06410169,-60.9,312,MI-14,Brenda Lawrence,@RepLawrence
335,116,house,L000582,Lieu,CA,33.0,D,87.0,0.0574712643678161,0.06807984,-41.3,153,CA-33,Ted Lieu,@RepTedLieu
336,116,house,L000583,Loudermilk,GA,11.0,R,73.0,0.9452054794520551,0.89986197,25.0,225,GA-11,Barry Loudermilk,@RepLoudermilk
337,116,house,L000585,LaHood,IL,18.0,R,87.0,0.919540229885057,0.91085396,27.3,254,IL-18,Darin LaHood,@RepLaHood
338,116,house,L000586,Lawson,FL,5.0,D,86.0,0.0813953488372093,0.07877931,-25.4,192,FL-05,Al Lawson ,@RepAlLawsonJr
339,116,house,L000588,Lamb,PA,17.0,D,89.0,0.101123595505618,0.3406547,2.6,439,PA-17,Conor Lamb,@RepConorLamb
340,116,house,L000589,Lesko,AZ,8.0,R,86.0,0.9418604651162791,0.87663345,21.1,119,AZ-08,Debbie Lesko,@RepDLesko
341,116,house,L000591,Luria,VA,2.0,D,88.0,0.11363636363636401,0.36843590000000004,3.4,501,VA-02,Elaine Luria,@RepElaineLuria
342,116,house,L000592,Levin,MI,9.0,D,89.0,0.0786516853932584,0.12948074,-7.8,169,CA-49,Mike Levin,@RepMikeLevin
343,116,house,L000592,Levin,MI,9.0,D,89.0,0.0786516853932584,0.12948074,-7.8,307,MI-09,Sander Levin,@RepAndyLevin
344,116,house,L000593,Levin,CA,49.0,D,89.0,0.0561797752808989,0.13208345,-7.5,169,CA-49,Mike Levin,@RepMikeLevin
345,116,house,L000593,Levin,CA,49.0,D,89.0,0.0561797752808989,0.13208345,-7.5,307,MI-09,Sander Levin,@RepAndyLevin
346,116,house,M000087,Maloney,NY,12.0,D,88.0,0.0795454545454545,0.05933928,-69.8,382,NY-12,Carolyn Maloney,@RepMaloney
347,116,house,M000087,Maloney,NY,12.0,D,88.0,0.0795454545454545,0.05933928,-69.8,388,NY-18,Sean Patrick Maloney,@RepSeanMaloney
348,116,house,M001185,Maloney,NY,18.0,D,89.0,0.0674157303370786,0.31682552,1.9,382,NY-12,Carolyn Maloney,@RepMaloney
349,116,house,M001185,Maloney,NY,18.0,D,89.0,0.0674157303370786,0.31682552,1.9,388,NY-18,Sean Patrick Maloney,@RepSeanMaloney
350,116,house,M000312,McGovern,MA,2.0,D,89.0,0.0898876404494382,0.08377114,-19.4,291,MA-02,James McGovern,@RepMcGovern
351,116,house,M001137,Meeks,NY,5.0,D,85.0,0.0705882352941176,0.0608228,-73.0,375,NY-05,Gregory Meeks,@RepGregoryMeeks
352,116,house,M001143,McCollum,MN,4.0,D,89.0,0.0561797752808989,0.07182649,-30.9,316,MN-04,Betty McCollum,@BettyMcCollum04
353,116,house,M001156,McHenry,NC,10.0,R,84.0,0.9047619047619051,0.89785905,24.6,342,NC-10,Patrick McHenry,@PatrickMcHenry
354,116,house,M001157,McCaul,TX,10.0,R,88.0,0.8977272727272729,0.59877421,9.1,469,TX-10,Michael McCaul,@RepMcCaul
355,116,house,M001158,Marchant,TX,24.0,R,61.0,0.9016393442622951,0.47177765,6.2,483,TX-24,Kenny Marchant,@RepKenMarchant
356,116,house,M001160,Moore,WI,4.0,D,88.0,0.0795454545454545,0.06355168,-52.2,525,WI-04,Gwen Moore,@RepGwenMoore
357,116,house,M001163,Matsui,CA,6.0,D,89.0,0.0561797752808989,0.06522679,-44.8,126,CA-06,Doris Matsui,@DorisMatsui
358,116,house,M001165,McCarthy,CA,23.0,R,87.0,0.9540229885057471,0.89688011,22.0,143,CA-23,Kevin McCarthy,@GOPLeader
359,116,house,M001166,McNerney,CA,9.0,D,86.0,0.0581395348837209,0.08753107,-18.6,129,CA-09,Jerry McNerney,@RepMcNerney
360,116,house,M001177,McClintock,CA,4.0,R,87.0,0.9425287356321842,0.77741934,14.7,124,CA-04,Tom McClintock,@RepMcClintock
361,116,house,M001180,McKinley,WV,1.0,R,89.0,0.876404494382023,0.93329445,41.6,530,WV-01,David McKinley,@RepMcKinley
362,116,house,M001184,Massie,KY,4.0,R,84.0,0.8214285714285708,0.93602788,35.9,271,KY-04,Thomas Massie,@RepThomasMassie
363,116,house,M001187,Meadows,NC,11.0,R,67.0,0.9402985074626871,0.94692081,29.2,343,NC-11,Mark Meadows,@RepMarkMeadows
364,116,house,M001188,Meng,NY,6.0,D,88.0,0.0909090909090909,0.07131808,-33.0,376,NY-06,Grace Meng,@RepGraceMeng
365,116,house,M001190,Mullin,OK,2.0,R,76.0,0.9473684210526321,0.96027398,50.1,415,OK-02,Markwayne Mullin,@RepMullin
366,116,house,M001194,Moolenaar,MI,4.0,R,89.0,0.910112359550562,0.90209463,24.8,302,MI-04,John Moolenaar,@RepMoolenaar
367,116,house,M001195,Mooney,WV,2.0,R,89.0,0.8988764044943821,0.92963063,36.4,531,WV-02,Alexander Mooney,@RepAlexMooney
368,116,house,M001196,Moulton,MA,6.0,D,85.0,0.0588235294117647,0.09032665,-17.9,295,MA-06,Seth Moulton,@teammoulton
369,116,house,M001198,Marshall,KS,1.0,R,85.0,0.9647058823529409,0.93210091,45.0,264,KS-01,Roger Marshall,
370,116,house,M001199,Mast,FL,18.0,R,82.0,0.878048780487805,0.60966894,9.2,205,FL-18,Brian Mast,@RepBrianMast
371,116,house,M001200,McEachin,VA,4.0,D,73.0,0.0821917808219178,0.09572313,-21.6,503,VA-04,A. Donald McEachin,@RepMcEachin
372,116,house,M001201,Mitchell,MI,10.0,R,2.0,1.0,0.93317133,32.2,308,MI-10,Paul Mitchell,@RepPaulMitchell
373,116,house,M001202,Murphy,FL,7.0,D,89.0,0.101123595505618,0.13389248,-7.3,13,CT ,Christopher Murphy,@SenMurphyOffice
374,116,house,M001202,Murphy,FL,7.0,D,89.0,0.101123595505618,0.13389248,-7.3,194,FL-07,Stephanie Murphy,@RepStephMurphy
375,116,house,M001210,Murphy,NC,3.0,R,39.0,0.897435897435897,0.86904141,23.6,13,CT ,Christopher Murphy,@SenMurphyOffice
376,116,house,M001210,Murphy,NC,3.0,R,39.0,0.897435897435897,0.86904141,23.6,194,FL-07,Stephanie Murphy,@RepStephMurphy
377,116,senate,M001169,Murphy,CT,,D,42.0,0.214285714285714,0.24561437,-13.63938672,13,CT ,Christopher Murphy,@SenMurphyOffice
378,116,senate,M001169,Murphy,CT,,D,42.0,0.214285714285714,0.24561437,-13.63938672,194,FL-07,Stephanie Murphy,@RepStephMurphy
379,116,house,M001203,Malinowski,NJ,7.0,D,89.0,0.0674157303370786,0.23125667,-1.1,358,NJ-07,Tom Malinowski,@RepMalinowski
380,116,house,M001204,Meuser,PA,9.0,R,85.0,0.941176470588235,0.92375441,34.0,432,PA-09,Daniel Meuser,@RepMeuser
381,116,house,M001205,Miller,WV,3.0,R,88.0,0.9772727272727271,0.93525034,49.2,532,WV-03,Carol Miller,@RepCarolMiller
382,116,house,M001206,Morelle,NY,25.0,D,87.0,0.0689655172413793,0.09168221,-16.4,395,NY-25,Joseph Morelle,@RepJoeMorelle
383,116,house,M001207,Mucarsel-Powell,FL,26.0,D,89.0,0.0674157303370786,0.08995767,-16.3,213,FL-26,Debbie Mucarsel-Powell,@RepDMP
384,116,house,M001208,McBath,GA,6.0,D,89.0,0.0786516853932584,0.30383045,1.5,220,GA-06,Lucy McBath,@RepLucyMcBath
385,116,house,M001209,McAdams,UT,4.0,D,89.0,0.213483146067416,0.50012673,6.7,499,UT-04,Ben McAdams,@RepBenMcAdams
386,116,house,N000002,Nadler,NY,10.0,D,86.0,0.0813953488372093,0.055052,-59.5,380,NY-10,Jerrold Nadler,@RepJerryNadler
387,116,house,N000015,Neal,MA,1.0,D,87.0,0.0689655172413793,0.08336424,-20.7,290,MA-01,Richard Neal,@RepRichardNeal
388,116,house,N000179,Napolitano,CA,32.0,D,88.0,0.0568181818181818,0.06832298,-38.9,152,CA-32,Grace Napolitano,@gracenapolitano
389,116,house,N000181,Nunes,CA,22.0,R,87.0,0.931034482758621,0.61406828,9.5,142,CA-22,Devin Nunes,@RepDevinNunes
390,116,house,N000188,Norcross,NJ,1.0,D,89.0,0.0449438202247191,0.07707324,-24.5,352,NJ-01,Donald Norcross,@DonaldNorcross
391,116,house,N000189,Newhouse,WA,4.0,R,87.0,0.8620689655172409,0.89028522,22.8,515,WA-04,Dan Newhouse,@RepNewhouse
392,116,house,N000190,Norman,SC,5.0,R,85.0,0.952941176470588,0.84473133,18.5,447,SC-05,Ralph Norman,@RepRalphNorman
393,116,house,N000191,Neguse,CO,2.0,D,89.0,0.0674157303370786,0.08089001,-21.3,175,CO-02,Joe Neguse,@RepJoeNeguse
394,116,house,O000168,Olson,TX,22.0,R,83.0,0.927710843373494,0.55102968,7.9,481,TX-22,Pete Olson,@RepPeteOlson
395,116,house,O000172,Ocasio-Cortez,NY,14.0,D,89.0,0.179775280898876,0.06128737,-57.9,384,NY-14,Alexandria Ocasio-Cortez,@RepAOC
396,116,house,O000173,Omar,MN,5.0,D,87.0,0.11494252873563199,0.06340483,-55.2,317,MN-05,Ilhan Omar,@Ilhan
397,116,house,P000034,Pallone,NJ,6.0,D,89.0,0.0449438202247191,0.09170054,-15.6,357,NJ-06,Frank Pallone ,@FrankPallone
398,116,house,P000096,Pascrell,NJ,9.0,D,88.0,0.0454545454545455,0.07244589,-31.2,360,NJ-09,Bill Pascrell ,@BillPascrell
399,116,house,P000197,Pelosi,CA,12.0,D,37.0,0.108108108108108,0.10389569,-77.5,132,CA-12,Nancy Pelosi,@SpeakerPelosi
400,116,house,P000258,Peterson,MN,7.0,D,88.0,0.261363636363636,0.92853255,30.8,319,MN-07,Collin Peterson,
401,116,house,P000523,Price,NC,4.0,D,89.0,0.0674157303370786,0.06708917,-40.0,337,NC-04,David Price,@RepDavidEPrice
402,116,house,P000593,Perlmutter,CO,7.0,D,88.0,0.0681818181818182,0.10152818,-12.0,180,CO-07,Ed Perlmutter,@RepPerlmutter
403,116,house,P000597,Pingree,ME,1.0,D,88.0,0.0340909090909091,0.08382026,-14.8,280,ME-01,Chellie Pingree,@chelliepingree
404,116,house,P000599,Posey,FL,8.0,R,89.0,0.8876404494382021,0.8727872999999999,20.7,195,FL-08,Bill Posey,@congbillposey
405,116,house,P000601,Palazzo,MS,4.0,R,81.0,0.9506172839506171,0.93038052,41.2,332,MS-04,Steven Palazzo,@CongPalazzo
406,116,house,P000604,Payne,NJ,10.0,D,80.0,0.0625,0.06474221,-72.4,361,NJ-10,Donald Payne ,@RepDonaldPayne
407,116,house,P000605,Perry,PA,10.0,R,87.0,0.9425287356321842,0.589849,8.9,433,PA-10,Scott Perry,@RepScottPerry
408,116,house,P000607,Pocan,WI,2.0,D,89.0,0.101123595505618,0.06852899,-36.8,523,WI-02,Mark Pocan,@repmarkpocan
409,116,house,P000608,Peters,CA,52.0,D,88.0,0.0568181818181818,0.08022956,-22.5,42,MI ,Gary Peters,@SenGaryPeters
410,116,house,P000608,Peters,CA,52.0,D,88.0,0.0568181818181818,0.08022956,-22.5,172,CA-52,Scott Peters,@RepScottPeters
411,116,senate,P000595,Peters,MI,,D,43.0,0.18604651162790697,0.42610247,0.22303327,42,MI ,Gary Peters,@SenGaryPeters
412,116,senate,P000595,Peters,MI,,D,43.0,0.18604651162790697,0.42610247,0.22303327,172,CA-52,Scott Peters,@RepScottPeters
413,116,house,P000609,Palmer,AL,6.0,R,88.0,0.943181818181818,0.94104548,44.7,106,AL-06,Gary Palmer,@USRepGaryPalmer
414,116,house,P000613,Panetta,CA,20.0,D,89.0,0.0674157303370786,0.06439731,-47.2,140,CA-20,Jimmy Panetta,@RepJimmyPanetta
415,116,house,P000614,Pappas,NH,1.0,D,89.0,0.0786516853932584,0.30703543,1.6,350,NH-01,Chris Pappas,@RepChrisPappas
416,116,house,P000615,Pence,IN,6.0,R,88.0,1.0,0.93305185,40.3,260,IN-06,Greg Pence,@RepGregPence
417,116,house,P000616,Phillips,MN,3.0,D,89.0,0.0674157303370786,0.11759448,-9.4,315,MN-03,Dean Phillips,@RepDeanPhillips
418,116,house,P000617,Pressley,MA,7.0,D,89.0,0.12359550561797801,0.05823095,-72.2,296,MA-07,Ayanna Pressley,@RepPressley
419,116,house,P000618,Porter,CA,45.0,D,88.0,0.0681818181818182,0.15567357,-5.4,165,CA-45,Katie Porter,@RepKatiePorter
420,116,house,Q000023,Quigley,IL,5.0,D,88.0,0.0681818181818182,0.06533148,-46.6,241,IL-05,Mike Quigley,@RepMikeQuigley
421,116,house,R000395,Rogers,KY,5.0,R,88.0,0.931818181818182,0.93708913,62.1,103,AL-03,Mike Rogers,@RepMikeRogersAL
422,116,house,R000395,Rogers,KY,5.0,R,88.0,0.931818181818182,0.93708913,62.1,272,KY-05,Harold Rogers,@RepHalRogers
423,116,house,R000575,Rogers,AL,3.0,R,81.0,0.9382716049382719,0.92656205,33.0,103,AL-03,Mike Rogers,@RepMikeRogersAL
424,116,house,R000575,Rogers,AL,3.0,R,81.0,0.9382716049382719,0.92656205,33.0,272,KY-05,Harold Rogers,@RepHalRogers
425,116,house,R000486,Roybal-Allard,CA,40.0,D,88.0,0.0568181818181818,0.05941626,-69.4,160,CA-40,Lucille Roybal-Allard,@RepRoybalAllard
426,116,house,R000515,Rush,IL,1.0,D,86.0,0.0697674418604651,0.06449593,-54.0,237,IL-01,Bobby Rush,@RepBobbyRush
427,116,house,R000576,Ruppersberger,MD,2.0,D,89.0,0.0674157303370786,0.07717702,-24.4,283,MD-02,C. Dutch Ruppersberger,@Call_Me_Dutch
428,116,house,R000577,Ryan,OH,13.0,D,75.0,0.08,0.15167309,-6.5,410,OH-13,Tim Ryan,@RepTimRyan
429,116,house,R000582,Roe,TN,1.0,R,84.0,0.9523809523809521,0.952407,57.0,451,TN-01,David Roe,@DrPhilRoe
430,116,house,R000585,Reed,NY,23.0,R,87.0,0.793103448275862,0.77855983,14.8,76,RI ,Jack Reed,@SenJackReed
431,116,house,R000585,Reed,NY,23.0,R,87.0,0.793103448275862,0.77855983,14.8,393,NY-23,Tom Reed,@RepTomReed
432,116,senate,R000122,Reed,RI,,D,43.0,0.13953488372093,0.22746102,-15.50854907,76,RI ,Jack Reed,@SenJackReed
433,116,senate,R000122,Reed,RI,,D,43.0,0.13953488372093,0.22746102,-15.50854907,393,NY-23,Tom Reed,@RepTomReed
434,116,house,R000588,Richmond,LA,2.0,D,84.0,0.0714285714285714,0.06636189999999999,-52.4,275,LA-02,Cedric Richmond,@RepRichmond
435,116,house,R000591,Roby,AL,2.0,R,80.0,0.9125,0.92604266,31.9,102,AL-02,Martha Roby,@RepMarthaRoby
436,116,house,R000597,Rice,SC,7.0,R,87.0,0.9425287356321842,0.85317066,18.9,374,NY-04,Kathleen Rice,@RepKathleenRice
437,116,house,R000597,Rice,SC,7.0,R,87.0,0.9425287356321842,0.85317066,18.9,449,SC-07,Tom Rice,@RepTomRice
438,116,house,R000602,Rice,NY,4.0,D,87.0,0.0574712643678161,0.11864104,-9.6,374,NY-04,Kathleen Rice,@RepKathleenRice
439,116,house,R000602,Rice,NY,4.0,D,87.0,0.0574712643678161,0.11864104,-9.6,449,SC-07,Tom Rice,@RepTomRice
440,116,house,R000599,Ruiz,CA,36.0,D,89.0,0.0674157303370786,0.12168738,-8.8,156,CA-36,Raul Ruiz,@CongressmanRuiz
441,116,house,R000601,Ratcliffe,TX,4.0,R,66.0,0.954545454545455,0.97524693,53.6,463,TX-04,John Ratcliffe,@RepRatcliffe
442,116,house,R000603,Rouzer,NC,7.0,R,89.0,0.910112359550562,0.83510271,17.7,340,NC-07,David Rouzer,@RepDavidRouzer
443,116,house,R000606,Raskin,MD,8.0,D,89.0,0.0786516853932584,0.06975034,-34.4,289,MD-08,Jamie Raskin,@RepRaskin
444,116,house,R000607,Rooney,FL,19.0,R,58.0,0.7586206896551719,0.89256024,22.1,206,FL-19,Francis Rooney,@RepRooney
445,116,house,R000609,Rutherford,FL,4.0,R,86.0,0.9418604651162791,0.91519782,28.0,191,FL-04,John Rutherford,@RepRutherfordFL
446,116,house,R000610,Reschenthaler,PA,14.0,R,86.0,0.9302325581395351,0.92567165,29.0,436,PA-14,Guy Reschenthaler,@GReschenthaler
447,116,house,R000611,Riggleman,VA,5.0,R,86.0,0.918604651162791,0.67206945,11.1,504,VA-05,Denver Riggleman,@RepRiggleman
448,116,house,R000612,Rose,TN,6.0,R,85.0,0.941176470588235,0.93288944,48.9,381,NY-11,Max Rose,@RepMaxRose
449,116,house,R000612,Rose,TN,6.0,R,85.0,0.941176470588235,0.93288944,48.9,456,TN-06,John Rose,@RepJohnRose
450,116,house,R000613,Rose,NY,11.0,D,88.0,0.0909090909090909,0.62332203,9.8,381,NY-11,Max Rose,@RepMaxRose
451,116,house,R000613,Rose,NY,11.0,D,88.0,0.0909090909090909,0.62332203,9.8,456,TN-06,John Rose,@RepJohnRose
452,116,house,R000614,Roy,TX,21.0,R,83.0,0.91566265060241,0.6448025,10.0,480,TX-21,Chip Roy,@RepChipRoy
453,116,house,R000616,Rouda,CA,48.0,D,88.0,0.0681818181818182,0.21856863,-1.7,168,CA-48,Harley Rouda,@RepHarley
454,116,house,S000185,Scott,VA,3.0,D,89.0,0.0674157303370786,0.0713152,-31.7,17,FL ,Rick Scott,@SenRickScott
455,116,house,S000185,Scott,VA,3.0,D,89.0,0.0674157303370786,0.0713152,-31.7,79,SC ,Tim Scott,@SenatorTimScott
456,116,house,S000185,Scott,VA,3.0,D,89.0,0.0674157303370786,0.0713152,-31.7,222,GA-08,Austin Scott,@AustinScottGA08
457,116,house,S000185,Scott,VA,3.0,D,89.0,0.0674157303370786,0.0713152,-31.7,227,GA-13,David Scott,@repdavidscott
458,116,house,S000185,Scott,VA,3.0,D,89.0,0.0674157303370786,0.0713152,-31.7,502,VA-03,"Robert ""Bobby"" Scott",@BobbyScott
459,116,house,S001157,Scott,GA,13.0,D,87.0,0.0574712643678161,0.06687373,-44.4,17,FL ,Rick Scott,@SenRickScott
460,116,house,S001157,Scott,GA,13.0,D,87.0,0.0574712643678161,0.06687373,-44.4,79,SC ,Tim Scott,@SenatorTimScott
461,116,house,S001157,Scott,GA,13.0,D,87.0,0.0574712643678161,0.06687373,-44.4,222,GA-08,Austin Scott,@AustinScottGA08
462,116,house,S001157,Scott,GA,13.0,D,87.0,0.0574712643678161,0.06687373,-44.4,227,GA-13,David Scott,@repdavidscott
463,116,house,S001157,Scott,GA,13.0,D,87.0,0.0574712643678161,0.06687373,-44.4,502,VA-03,"Robert ""Bobby"" Scott",@BobbyScott
464,116,house,S001189,Scott,GA,8.0,R,84.0,0.9047619047619051,0.92227564,28.9,17,FL ,Rick Scott,@SenRickScott
465,116,house,S001189,Scott,GA,8.0,R,84.0,0.9047619047619051,0.92227564,28.9,79,SC ,Tim Scott,@SenatorTimScott
466,116,house,S001189,Scott,GA,8.0,R,84.0,0.9047619047619051,0.92227564,28.9,222,GA-08,Austin Scott,@AustinScottGA08
467,116,house,S001189,Scott,GA,8.0,R,84.0,0.9047619047619051,0.92227564,28.9,227,GA-13,David Scott,@repdavidscott
468,116,house,S001189,Scott,GA,8.0,R,84.0,0.9047619047619051,0.92227564,28.9,502,VA-03,"Robert ""Bobby"" Scott",@BobbyScott
469,116,senate,S001184,Scott,SC,,R,41.0,0.8292682926829269,0.66632554,14.265912900000002,17,FL ,Rick Scott,@SenRickScott
470,116,senate,S001184,Scott,SC,,R,41.0,0.8292682926829269,0.66632554,14.265912900000002,79,SC ,Tim Scott,@SenatorTimScott
471,116,senate,S001184,Scott,SC,,R,41.0,0.8292682926829269,0.66632554,14.265912900000002,222,GA-08,Austin Scott,@AustinScottGA08
472,116,senate,S001184,Scott,SC,,R,41.0,0.8292682926829269,0.66632554,14.265912900000002,227,GA-13,David Scott,@repdavidscott
473,116,senate,S001184,Scott,SC,,R,41.0,0.8292682926829269,0.66632554,14.265912900000002,502,VA-03,"Robert ""Bobby"" Scott",@BobbyScott
474,116,senate,S001217,Scott,FL,,R,42.0,0.857142857142857,0.43171223,1.19862561,17,FL ,Rick Scott,@SenRickScott
475,116,senate,S001217,Scott,FL,,R,42.0,0.857142857142857,0.43171223,1.19862561,79,SC ,Tim Scott,@SenatorTimScott
476,116,senate,S001217,Scott,FL,,R,42.0,0.857142857142857,0.43171223,1.19862561,222,GA-08,Austin Scott,@AustinScottGA08
477,116,senate,S001217,Scott,FL,,R,42.0,0.857142857142857,0.43171223,1.19862561,227,GA-13,David Scott,@repdavidscott
478,116,senate,S001217,Scott,FL,,R,42.0,0.857142857142857,0.43171223,1.19862561,502,VA-03,"Robert ""Bobby"" Scott",@BobbyScott
479,116,house,S000244,Sensenbrenner,WI,5.0,R,76.0,0.8552631578947372,0.86540708,20.1,526,WI-05,F. James Sensenbrenner ,@JimPressOffice
480,116,house,S000248,Serrano,NY,15.0,D,78.0,0.0897435897435897,0.05755055,-88.9,385,NY-15,José Serrano,@RepJoseSerrano
481,116,house,S000344,Sherman,CA,30.0,D,88.0,0.0568181818181818,0.06648643,-43.4,150,CA-30,Brad Sherman,@BradSherman
482,116,house,S000364,Shimkus,IL,15.0,R,80.0,0.9,0.92881776,46.2,251,IL-15,John Shimkus,@RepShimkus
483,116,house,S000510,Smith,WA,9.0,D,88.0,0.0681818181818182,0.0651291,-47.2,45,MN ,Tina Smith,@SenTinaSmith
484,116,house,S000510,Smith,WA,9.0,D,88.0,0.0681818181818182,0.0651291,-47.2,328,MO-08,Jason Smith,@RepJasonSmith
485,116,house,S000510,Smith,WA,9.0,D,88.0,0.0681818181818182,0.0651291,-47.2,349,NE-03,Adrian Smith,@RepAdrianSmith
486,116,house,S000510,Smith,WA,9.0,D,88.0,0.0681818181818182,0.0651291,-47.2,355,NJ-04,Christopher Smith,@RepChrisSmith
487,116,house,S000510,Smith,WA,9.0,D,88.0,0.0681818181818182,0.0651291,-47.2,520,WA-09,Adam Smith,@RepAdamSmith
488,116,house,S000522,Smith,NJ,4.0,R,88.0,0.5113636363636359,0.77736069,14.8,45,MN ,Tina Smith,@SenTinaSmith
489,116,house,S000522,Smith,NJ,4.0,R,88.0,0.5113636363636359,0.77736069,14.8,328,MO-08,Jason Smith,@RepJasonSmith
490,116,house,S000522,Smith,NJ,4.0,R,88.0,0.5113636363636359,0.77736069,14.8,349,NE-03,Adrian Smith,@RepAdrianSmith
491,116,house,S000522,Smith,NJ,4.0,R,88.0,0.5113636363636359,0.77736069,14.8,355,NJ-04,Christopher Smith,@RepChrisSmith
492,116,house,S000522,Smith,NJ,4.0,R,88.0,0.5113636363636359,0.77736069,14.8,520,WA-09,Adam Smith,@RepAdamSmith
493,116,house,S001172,Smith,NE,3.0,R,87.0,0.931034482758621,0.93559105,54.9,45,MN ,Tina Smith,@SenTinaSmith
494,116,house,S001172,Smith,NE,3.0,R,87.0,0.931034482758621,0.93559105,54.9,328,MO-08,Jason Smith,@RepJasonSmith
495,116,house,S001172,Smith,NE,3.0,R,87.0,0.931034482758621,0.93559105,54.9,349,NE-03,Adrian Smith,@RepAdrianSmith
496,116,house,S001172,Smith,NE,3.0,R,87.0,0.931034482758621,0.93559105,54.9,355,NJ-04,Christopher Smith,@RepChrisSmith
497,116,house,S001172,Smith,NE,3.0,R,87.0,0.931034482758621,0.93559105,54.9,520,WA-09,Adam Smith,@RepAdamSmith
498,116,house,S001195,Smith,MO,8.0,R,89.0,0.9662921348314608,0.9369639999999999,54.4,45,MN ,Tina Smith,@SenTinaSmith
499,116,house,S001195,Smith,MO,8.0,R,89.0,0.9662921348314608,0.9369639999999999,54.4,328,MO-08,Jason Smith,@RepJasonSmith
500,116,house,S001195,Smith,MO,8.0,R,89.0,0.9662921348314608,0.9369639999999999,54.4,349,NE-03,Adrian Smith,@RepAdrianSmith
501,116,house,S001195,Smith,MO,8.0,R,89.0,0.9662921348314608,0.9369639999999999,54.4,355,NJ-04,Christopher Smith,@RepChrisSmith
502,116,house,S001195,Smith,MO,8.0,R,89.0,0.9662921348314608,0.9369639999999999,54.4,520,WA-09,Adam Smith,@RepAdamSmith
503,116,senate,S001203,Smith,MN,,D,43.0,0.209302325581395,0.39518162,-1.52013048,45,MN ,Tina Smith,@SenTinaSmith
504,116,senate,S001203,Smith,MN,,D,43.0,0.209302325581395,0.39518162,-1.52013048,328,MO-08,Jason Smith,@RepJasonSmith
505,116,senate,S001203,Smith,MN,,D,43.0,0.209302325581395,0.39518162,-1.52013048,349,NE-03,Adrian Smith,@RepAdrianSmith
506,116,senate,S001203,Smith,MN,,D,43.0,0.209302325581395,0.39518162,-1.52013048,355,NJ-04,Christopher Smith,@RepChrisSmith
507,116,senate,S001203,Smith,MN,,D,43.0,0.209302325581395,0.39518162,-1.52013048,520,WA-09,Adam Smith,@RepAdamSmith
508,116,house,S001145,Schakowsky,IL,9.0,D,89.0,0.0674157303370786,0.06508439,-45.2,245,IL-09,"Janice ""Jan"" Schakowsky",@janschakowsky
509,116,house,S001148,Simpson,ID,2.0,R,86.0,0.895348837209302,0.9002360999999999,24.7,236,ID-02,Michael Simpson,@CongMikeSimpson
510,116,house,S001150,Schiff,CA,28.0,D,89.0,0.0674157303370786,0.06356031,-49.8,148,CA-28,Adam Schiff,@RepAdamSchiff
511,116,house,S001156,Sánchez,CA,38.0,D,85.0,0.0705882352941176,0.07042312,-39.6,158,CA-38,Linda Sánchez,@RepLindaSanchez
512,116,house,S001165,Sires,NJ,8.0,D,86.0,0.0697674418604651,0.06441667,-54.2,359,NJ-08,Albio Sires,@RepSires
513,116,house,S001168,Sarbanes,MD,3.0,D,89.0,0.0674157303370786,0.07209151,-30.5,284,MD-03,John Sarbanes,@RepSarbanes
514,116,house,S001175,Speier,CA,14.0,D,83.0,0.0481927710843374,0.05345956,-58.7,134,CA-14,Jackie Speier,@RepSpeier
515,116,house,S001176,Scalise,LA,1.0,R,89.0,0.9662921348314608,0.93349488,42.0,274,LA-01,Steve Scalise,@SteveScalise
516,116,house,S001180,Schrader,OR,5.0,D,89.0,0.0898876404494382,0.17112358,-4.2,423,OR-05,Kurt Schrader,@RepSchrader
517,116,house,S001183,Schweikert,AZ,6.0,R,89.0,0.910112359550562,0.6312432,10.0,117,AZ-06,David Schweikert,@RepDavid
518,116,house,S001185,Sewell,AL,7.0,D,87.0,0.0689655172413793,0.06812508,-41.2,107,AL-07,Terri Sewell,@RepTerriSewell
519,116,house,S001187,Stivers,OH,15.0,R,83.0,0.867469879518072,0.7874361,15.4,412,OH-15,Steve Stivers,@RepSteveStivers
520,116,house,S001190,Schneider,IL,10.0,D,89.0,0.0674157303370786,0.07285552,-29.4,246,IL-10,Bradley Scott Schneider,@RepSchneider
521,116,house,S001192,Stewart,UT,2.0,R,88.0,0.920454545454545,0.76065762,14.0,497,UT-02,Chris Stewart,@RepChrisStewart
522,116,house,S001193,Swalwell,CA,15.0,D,80.0,0.0625,0.07215637,-45.7,135,CA-15,Eric Swalwell,@RepSwalwell
523,116,house,S001196,Stefanik,NY,21.0,R,89.0,0.651685393258427,0.7561579,13.9,391,NY-21,Elise Stefanik,@RepStefanik
524,116,house,S001199,Smucker,PA,11.0,R,84.0,0.9285714285714292,0.90206176,25.8,434,PA-11,Lloyd Smucker,@RepSmucker
525,116,house,S001200,Soto,FL,9.0,D,88.0,0.0681818181818182,0.10130519,-12.9,196,FL-09,Darren Soto,@RepDarrenSoto
526,116,house,S001201,Suozzi,NY,3.0,D,89.0,0.0674157303370786,0.14611022,-6.1,373,NY-03,Thomas R.. Suozzi,@RepTomSuozzi
527,116,house,S001205,Scanlon,PA,5.0,D,89.0,0.0561797752808989,0.07375427,-28.2,428,PA-05,Mary Gay Scanlon,@RepMGS
528,116,house,S001206,Shalala,FL,27.0,D,89.0,0.0674157303370786,0.08344075,-19.6,214,FL-27,Donna Shalala,@RepShalala
529,116,house,S001207,Sherrill,NJ,11.0,D,88.0,0.0681818181818182,0.28579808,0.9,362,NJ-11,Mikie Sherrill,@RepSherrill
530,116,house,S001208,Slotkin,MI,8.0,D,89.0,0.0674157303370786,0.50012673,6.7,306,MI-08,Elissa Slotkin,@RepSlotkin
531,116,house,S001209,Spanberger,VA,7.0,D,89.0,0.0898876404494382,0.49192736,6.5,506,VA-07,Abigail Spanberger,@RepSpanberger
532,116,house,S001211,Stanton,AZ,9.0,D,89.0,0.0786516853932584,0.08995767,-16.3,120,AZ-09,Greg Stanton,@RepGregStanton
533,116,house,S001212,Stauber,MN,8.0,R,89.0,0.876404494382023,0.79649282,15.6,320,MN-8,Pete Stauber,@RepPeteStauber
534,116,house,S001213,Steil,WI,1.0,R,88.0,0.8977272727272729,0.64070217,10.3,522,WI-01,Bryan Steil,@RepBryanSteil
535,116,house,S001214,Steube,FL,17.0,R,86.0,0.9418604651162791,0.91932666,27.2,204,FL-17,W. Gregory Steube,@RepGregSteube
536,116,house,S001215,Stevens,MI,11.0,D,89.0,0.0674157303370786,0.40744737,4.4,309,MI-11,Haley Stevens,@RepHaleyStevens
537,116,house,S001216,Schrier,WA,8.0,D,88.0,0.0681818181818182,0.19230709,-3.0,519,WA-08,Kim Schrier,@RepKimSchrier
538,116,house,T000193,Thompson,MS,2.0,D,85.0,0.0705882352941176,0.07698151,-28.5,125,CA-05,Mike Thompson,@RepThompson
539,116,house,T000193,Thompson,MS,2.0,D,85.0,0.0705882352941176,0.07698151,-28.5,330,MS-02,Bennie Thompson,@BennieGThompson
540,116,house,T000193,Thompson,MS,2.0,D,85.0,0.0705882352941176,0.07698151,-28.5,437,PA-15,Glenn Thompson,@CongressmanGT
541,116,house,T000460,Thompson,CA,5.0,D,88.0,0.0568181818181818,0.06593183,-44.9,125,CA-05,Mike Thompson,@RepThompson
542,116,house,T000460,Thompson,CA,5.0,D,88.0,0.0568181818181818,0.06593183,-44.9,330,MS-02,Bennie Thompson,@BennieGThompson
543,116,house,T000460,Thompson,CA,5.0,D,88.0,0.0568181818181818,0.06593183,-44.9,437,PA-15,Glenn Thompson,@CongressmanGT
544,116,house,T000467,Thompson,PA,15.0,R,87.0,0.931034482758621,0.93257977,43.3,125,CA-05,Mike Thompson,@RepThompson
545,116,house,T000467,Thompson,PA,15.0,R,87.0,0.931034482758621,0.93257977,43.3,330,MS-02,Bennie Thompson,@BennieGThompson
546,116,house,T000467,Thompson,PA,15.0,R,87.0,0.931034482758621,0.93257977,43.3,437,PA-15,Glenn Thompson,@CongressmanGT
547,116,house,T000238,Thornberry,TX,13.0,R,86.0,0.918604651162791,0.93569475,63.0,472,TX-13,Mac Thornberry,@MacTXPress
548,116,house,T000463,Turner,OH,10.0,R,88.0,0.8977272727272729,0.52569522,7.3,407,OH-10,Michael Turner,@RepMikeTurner
549,116,house,T000468,Titus,NV,1.0,D,88.0,0.0568181818181818,0.0739783,-29.0,367,NV-01,Dina Titus,@repdinatitus
550,116,house,T000469,Tonko,NY,20.0,D,89.0,0.0561797752808989,0.09800272,-13.5,390,NY-20,Paul Tonko,@RepPaulTonko
551,116,house,T000470,Tipton,CO,3.0,R,89.0,0.8988764044943821,0.70072232,12.0,176,CO-03,Scott Tipton,@RepTipton
552,116,house,T000472,Takano,CA,41.0,D,88.0,0.0681818181818182,0.07483152,-27.9,161,CA-41,Mark Takano,@RepMarkTakano
553,116,house,T000474,Torres,CA,35.0,D,88.0,0.0568181818181818,0.06751531,-40.8,155,CA-35,Norma Torres,@NormaJTorres
554,116,house,T000479,Taylor,TX,3.0,R,89.0,0.910112359550562,0.76390588,14.2,462,TX-03,Van Taylor,@RepVanTaylor
555,116,house,T000480,Timmons,SC,4.0,R,78.0,0.897435897435897,0.90816898,25.7,446,SC-04,William Timmons,@reptimmons
556,116,house,T000481,Tlaib,MI,13.0,D,89.0,0.12359550561797801,0.06060201,-60.7,311,MI-13,Rashida Tlaib,@RepRashida
557,116,house,T000482,Trahan,MA,3.0,D,89.0,0.0561797752808989,0.07896403,-22.8,292,MA-03,Lori Trahan,@RepLoriTrahan
558,116,house,T000483,Trone,MD,6.0,D,89.0,0.0674157303370786,0.09304446,-15.1,287,MD-06,David Trone,@RepDavidTrone
559,116,house,U000031,Upton,MI,6.0,R,89.0,0.6404494382022471,0.56927391,8.4,304,MI-06,Fred Upton,@RepFredUpton
560,116,house,U000040,Underwood,IL,14.0,D,89.0,0.0674157303370786,0.38819955,3.9,250,IL-14,Lauren Underwood,@RepUnderwood
561,116,house,V000081,Velázquez,NY,7.0,D,86.0,0.0697674418604651,0.05719809,-76.5,377,NY-07,Nydia Velázquez,@NydiaVelazquez
562,116,house,V000108,Visclosky,IN,1.0,D,88.0,0.0568181818181818,0.10156258,-12.6,255,IN-01,Peter Visclosky,@RepVisclosky
563,116,house,V000130,Vargas,CA,51.0,D,88.0,0.0681818181818182,0.06453668,-49.0,171,CA-51,Juan Vargas,@RepJuanVargas
564,116,house,V000131,Veasey,TX,33.0,D,87.0,0.0689655172413793,0.06521371,-49.2,492,TX-33,Marc Veasey,@RepVeasey
565,116,house,V000132,Vela,TX,34.0,D,89.0,0.0786516853932584,0.08061723,-21.5,493,TX-34,Filemon Vela,@RepFilemonVela
566,116,house,W000187,Waters,CA,43.0,D,88.0,0.0681818181818182,0.0610544,-61.7,163,CA-43,Maxine Waters,@RepMaxineWaters
567,116,house,W000791,Walden,OR,2.0,R,88.0,0.795454545454545,0.86728862,20.1,420,OR-02,Greg Walden,@repgregwalden
568,116,house,W000795,Wilson,SC,2.0,R,84.0,0.916666666666667,0.83588479,17.7,211,FL-24,Frederica Wilson,@RepWilson
569,116,house,W000795,Wilson,SC,2.0,R,84.0,0.916666666666667,0.83588479,17.7,444,SC-02,Joe Wilson,@RepJoeWilson
570,116,house,W000808,Wilson,FL,24.0,D,80.0,0.0625,0.06577145,-67.5,211,FL-24,Frederica Wilson,@RepWilson
571,116,house,W000808,Wilson,FL,24.0,D,80.0,0.0625,0.06577145,-67.5,444,SC-02,Joe Wilson,@RepJoeWilson
572,116,house,W000798,Walberg,MI,7.0,R,87.0,0.931034482758621,0.82420496,17.0,305,MI-07,Tim Walberg,@RepWalberg
573,116,house,W000800,Welch,VT,0.0,D,88.0,0.0795454545454545,0.07610015,-26.40835124,511,VT - ,Peter Welch,@PeterWelch
574,116,house,W000804,Wittman,VA,1.0,R,89.0,0.9213483146067422,0.71329675,12.4,500,VA-01,Robert Wittman,@RobWittman
575,116,house,W000806,Webster,FL,11.0,R,82.0,0.902439024390244,0.93064469,32.3,198,FL-11,Daniel Webster,@RepWebster
576,116,house,W000809,Womack,AR,3.0,R,89.0,0.9325842696629209,0.92290093,31.4,110,AR-03,Steve Womack,@rep_stevewomack
577,116,house,W000810,Woodall,GA,7.0,R,89.0,0.9438202247191009,0.48373576,6.3,221,GA-07,Rob Woodall,@RepRobWoodall
578,116,house,W000812,Wagner,MO,2.0,R,86.0,0.895348837209302,0.64337445,10.3,322,MO-2,Ann Wagner,@RepAnnWagner
579,116,house,W000813,Walorski,IN,2.0,R,87.0,0.919540229885057,0.89064006,23.2,256,IN-02,Jackie Walorski,@RepWalorski
580,116,house,W000815,Wenstrup,OH,2.0,R,87.0,0.919540229885057,0.80832885,16.1,399,OH-02,Brad Wenstrup,@RepBradWenstrup
581,116,house,W000816,Williams,TX,25.0,R,87.0,0.931034482758621,0.77859163,14.9,484,TX-25,Roger Williams,@RepRWilliams
582,116,house,W000819,Walker,NC,6.0,R,68.0,0.970588235294118,0.80201588,14.7,339,NC-06,Mark Walker,@RepMarkWalker
583,116,house,W000821,Westerman,AR,4.0,R,89.0,0.9438202247191009,0.92541444,32.9,111,AR-04,Bruce Westerman,@RepWesterman
584,116,house,W000823,Waltz,FL,6.0,R,87.0,0.8735632183908051,0.82628919,17.0,193,FL-06,Michael Waltz,@RepMichaelWaltz
585,116,house,W000824,Watkins,KS,2.0,R,86.0,0.953488372093023,0.85884406,18.4,265,KS-02,Steven Watkins,
586,116,house,W000825,Wexton,VA,10.0,D,89.0,0.0674157303370786,0.11388426,-10.0,509,VA-10,Jennifer Wexton,@RepWexton
587,116,house,W000827,Wright,TX,6.0,R,77.0,0.9610389610389609,0.72241659,12.3,465,TX-06,Ron Wright,@RepRonWright
588,116,house,Y000033,Young,AK,0.0,R,84.0,0.8214285714285708,0.78053988,14.73064079,29,IN ,Todd Young,@SenToddYoung
589,116,house,Y000033,Young,AK,0.0,R,84.0,0.8214285714285708,0.78053988,14.73064079,100,AK - ,Don Young,@repdonyoung
590,116,senate,Y000064,Young,IN,,R,43.0,0.6511627906976739,0.7449918000000001,19.16519376,29,IN ,Todd Young,@SenToddYoung
591,116,senate,Y000064,Young,IN,,R,43.0,0.6511627906976739,0.7449918000000001,19.16519376,100,AK - ,Don Young,@repdonyoung
592,116,house,Y000062,Yarmuth,KY,3.0,D,89.0,0.0674157303370786,0.09332394,-15.0,270,KY-03,John Yarmuth,@RepJohnYarmuth
593,116,house,Y000065,Yoho,FL,3.0,R,82.0,0.975609756097561,0.82156791,16.0,190,FL-03,Ted Yoho,@RepTedYoho
594,116,house,Z000017,Zeldin,NY,1.0,R,88.0,0.9090909090909091,0.7121082,12.3,371,NY-01,Lee Zeldin,@RepLeeZeldin
595,116,senate,A000360,Alexander,TN,,R,38.0,0.7894736842105259,0.80718843,26.0057009,82,TN ,Lamar Alexander,@SenAlexander
596,116,senate,B000575,Blunt,MO,,R,42.0,0.833333333333333,0.73289168,18.637117,46,MO ,Roy Blunt,@RoyBlunt
597,116,senate,B001135,Burr,NC,,R,38.0,0.8684210526315791,0.49480986,3.65522853,52,NC ,Richard Burr,@SenatorBurr
598,116,senate,B001230,Baldwin,WI,,D,43.0,0.18604651162790697,0.43600963,0.7643432,94,WI ,Tammy Baldwin,@SenatorBaldwin
599,116,senate,B001236,Boozman,AR,,R,43.0,0.86046511627907,0.81469827,26.92097803,4,AR ,John Boozman,@JohnBoozman
600,116,senate,B001243,Blackburn,TN,,R,42.0,0.857142857142857,0.80721806,26.0057009,83,TN ,Marsha Blackburn,@MarshaBlackburn
601,116,senate,B001261,Barrasso,WY,,R,43.0,0.8837209302325579,0.8707,46.29527573,98,WY ,John Barrasso,@SenJohnBarrasso
602,116,senate,B001267,Bennet,CO,,D,35.0,0.2,0.35567793,-4.90558301,10,CO ,Michael Bennet,@SenatorBennet
603,116,senate,B001277,Blumenthal,CT,,D,43.0,0.162790697674419,0.24150723,-13.63938672,12,CT ,Richard Blumenthal,@SenBlumenthal
604,116,senate,B001288,Booker,NJ,,D,33.0,0.18181818181818202,0.22173008,-14.1026978,60,NJ ,Cory Booker,@SenBooker
605,116,senate,B001310,Braun,IN,,R,42.0,0.9523809523809521,0.74253158,19.16519376,28,IN ,Mike Braun,@SenatorBraun
606,116,senate,C000127,Cantwell,WA,,D,42.0,0.19047619047619,0.22020706,-15.4790881,92,WA ,Maria Cantwell,@SenatorCantwell
607,116,senate,C000141,Cardin,MD,,D,42.0,0.19047619047619,0.16417388,-26.41643951,38,MD ,Benamin Cardin,@SenatorCardin
608,116,senate,C000174,Carper,DE,,D,43.0,0.162790697674419,0.26105229,-11.43051247,14,DE ,Thomas Carper,@SenatorCarper
609,116,senate,C000880,Crapo,ID,,R,40.0,0.9,0.83304114,31.76941855,24,ID ,Mike Crapo,@MikeCrapo
610,116,senate,C001047,Capito,WV,,R,42.0,0.880952380952381,0.87872609,42.15364679,96,WV ,Shelley Moore Capito,@SenCapito
611,116,senate,C001056,Cornyn,TX,,R,43.0,0.8837209302325579,0.591467,8.9994276,84,TX ,John Cornyn,@JohnCornyn
612,116,senate,C001070,Casey,PA,,D,43.0,0.232558139534884,0.43527194,0.72426964,74,PA ,Robert Casey ,@SenBobCasey
613,116,senate,C001075,Cassidy,LA,,R,42.0,0.833333333333333,0.75073638,19.63911856,34,LA ,Bill Cassidy,@SenBillCassidy
614,116,senate,C001088,Coons,DE,,D,43.0,0.18604651162790697,0.26105229,-11.43051247,15,DE ,Christopher Coons,@ChrisCoons
615,116,senate,C001095,Cotton,AR,,R,43.0,0.86046511627907,0.81469827,26.92097803,5,AR ,Tom Cotton,@SenTomCotton
616,116,senate,C001096,Cramer,ND,,R,42.0,0.880952380952381,0.85092909,35.72888837,54,ND ,Kevin Cramer,@SenKevinCramer
617,116,senate,C001098,Cruz,TX,,R,40.0,0.925,0.60039459,8.9994276,85,TX ,Ted Cruz,@SenTedCruz
618,116,senate,D000563,Durbin,IL,,D,42.0,0.214285714285714,0.22228498,-17.06361362,27,IL ,Richard Durbin,@SenatorDurbin
619,116,senate,D000618,Daines,MT,,R,43.0,0.790697674418605,0.75901005,20.42273211,50,MT ,Steve Daines,@SteveDaines
620,116,senate,D000622,Duckworth,IL,,D,40.0,0.2,0.22988231,-17.06361362,26,IL ,Tammy Duckworth,@SenDuckworth
621,116,senate,E000285,Enzi,WY,,R,41.0,0.878048780487805,0.88221551,46.29527573,99,WY ,Michael Enzi,@SenatorEnzi
622,116,senate,E000295,Ernst,IA,,R,43.0,0.86046511627907,0.59882885,9.40683805,22,IA ,Joni Ernst,@SenJoniErnst
623,116,senate,F000062,Feinstein,CA,,D,43.0,0.18604651162790697,0.16671529999999998,-30.10929307,8,CA ,Dianne Feinstein,@SenFeinstein
624,116,senate,F000463,Fischer,NE,,R,43.0,0.86046511627907,0.80135657,25.04859475,56,NE ,Deb Fischer,@SenatorFischer
625,116,senate,G000359,Graham,SC,,R,37.0,0.810810810810811,0.70141105,14.265912900000002,78,SC ,Lindsey Graham,@LindseyGrahamSC
626,116,senate,G000386,Grassley,IA,,R,43.0,0.8837209302325579,0.59882885,9.40683805,23,IA ,Chuck Grassley,@ChuckGrassley
627,116,senate,G000555,Gillibrand,NY,,D,35.0,0.14285714285714302,0.21620888,-22.49045614,66,NY ,Kirsten Gillibrand,@gillibrandny
628,116,senate,G000562,Gardner,CO,,R,38.0,0.815789473684211,0.33704448,-4.90558301,11,CO ,Cory Gardner,@SenCoryGardner
629,116,senate,H001042,Hirono,HI,,D,43.0,0.18604651162790697,0.16195048,-32.18281473,20,HI ,Mazie Hirono,@maziehirono
630,116,senate,H001046,Heinrich,NM,,D,43.0,0.232558139534884,0.29602252,-8.2132684,62,NM ,Martin Heinrich,@MartinHeinrich
631,116,senate,H001061,Hoeven,ND,,R,43.0,0.8837209302325579,0.85439532,35.72888837,55,ND ,John Hoeven,@SenJohnHoeven
632,116,senate,H001076,Hassan,NH,,D,43.0,0.18604651162790697,0.41544479,-0.36766386,58,NH ,Margaret Wood Hassan,@SenatorHassan
633,116,senate,H001079,Hyde-Smith,MS,,R,43.0,0.8837209302325579,0.72882901,17.82624982,48,MS ,Cindy Hyde-Smith,@SenHydeSmith
634,116,senate,H001089,Hawley,MO,,R,43.0,0.86046511627907,0.73877065,18.637117,47,MO ,Josh Hawley,@SenHawleyPress
635,116,senate,I000024,Inhofe,OK,,R,42.0,0.857142857142857,0.85274673,36.39118454,70,OK ,James Inhofe,@JimInhofe
636,116,senate,I000055,Isakson,GA,,R,21.0,0.857142857142857,0.46407519,5.15937819,18,GA ,Johnny Isakson,@SenatorIsakson
637,116,senate,J000300,Jones,AL,,D,41.0,0.24390243902439002,0.83270143,27.72514661,2,AL ,Doug Jones,@SenDougJones
638,116,senate,J000300,Jones,AL,,D,41.0,0.24390243902439002,0.83270143,27.72514661,336,NC-03,Walter Jones,@RepWalterJones
639,116,senate,K000367,Klobuchar,MN,,D,34.0,0.147058823529412,0.39421461,-1.52013048,44,MN ,Amy Klobuchar,@SenAmyKlobuchar
640,116,senate,K000384,Kaine,VA,,D,43.0,0.18604651162790697,0.33455063,-5.32370582,88,VA ,Time Kaine,
641,116,senate,L000174,Leahy,VT,,D,43.0,0.18604651162790697,0.17674862,-26.40835124,90,VT ,Patrick Leahy,@SenatorLeahy
642,116,senate,L000575,Lankford,OK,,R,43.0,0.8372093023255809,0.85617081,36.39118454,71,OK ,James Lankford,@SenatorLankford
643,116,senate,M000133,Markey,MA,,D,42.0,0.19047619047619,0.17827995,-27.19670645,36,MA ,Edward Markey,@SenMarkey
644,116,senate,M000355,McConnell,KY,,R,43.0,0.8837209302325579,0.83167273,29.83745022,32,KY ,Mitch McConnell,@SenateMajLdr
645,116,senate,M000639,Menendez,NJ,,D,43.0,0.162790697674419,0.23782479,-14.1026978,61,NJ ,Robert Menendez,@SenatorMenendez
646,116,senate,M000934,Moran,KS,,R,42.0,0.6190476190476191,0.7757579000000001,20.60221107,30,KS ,Jerry Moran,@JerryMoran
647,116,senate,M001111,Murray,WA,,D,41.0,0.195121951219512,0.23505713,-15.4790881,93,WA ,Patty Murray,@PattyMurray
648,116,senate,M001153,Murkowski,AK,,R,40.0,0.575,0.6928042,14.73064079,0,AK ,Lisa Murkowski,@lisamurkowski
649,116,senate,M001176,Merkley,OR,,D,43.0,0.209302325581395,0.26548858,-10.97781682,72,OR ,Jeff Merkley,@SenJeffMerkley
650,116,senate,M001197,McSally,AZ,,R,40.0,0.9,0.49452417,3.54559463,6,AZ ,Martha McSally,@SenMcSallyAZ
651,116,senate,P000449,Portman,OH,,R,42.0,0.80952380952381,0.56681698,8.129574400000001,69,OH ,Rob Portman,@senrobportman
652,116,senate,P000603,Paul,KY,,R,36.0,0.6388888888888891,0.81046844,29.83745022,33,KY ,Rand Paul,@RandPaul
653,116,senate,P000612,Perdue,GA,,R,36.0,0.916666666666667,0.53290182,5.15937819,19,GA ,David Perdue,@sendavidperdue
654,116,senate,R000307,Roberts,KS,,R,43.0,0.8837209302325579,0.76092023,20.60221107,31,KS ,Pat Roberts,@SenPatRoberts
655,116,senate,R000584,Risch,ID,,R,41.0,0.878048780487805,0.83472951,31.76941855,25,ID ,James Risch,@SenatorRisch
656,116,senate,R000595,Rubio,FL,,R,41.0,0.804878048780488,0.45134864,1.19862561,16,FL ,Marco Rubio,@SenRubioPress
657,116,senate,R000605,Rounds,SD,,R,34.0,0.911764705882353,0.85053224,29.79332222,80,SD ,Mike Rounds,@SenatorRounds
658,116,senate,R000608,Rosen,NV,,D,41.0,0.17073170731707302,0.38588565,-2.41712836,65,NV ,Jacky Rosen,@SenJackyRosen
659,116,senate,R000615,Romney,UT,,R,42.0,0.7857142857142858,0.7256013000000001,18.07933323,87,UT ,Mitt Romney,@SenatorRomney
660,116,senate,S000033,Sanders,VT,,I,26.0,0.23076923076923103,0.18488692,-26.40835124,91,VT ,Bernard Sanders,@SenSanders
661,116,senate,S000148,Schumer,NY,,D,43.0,0.162790697674419,0.19036579,-22.49045614,67,NY ,Charles Schumer,@SenSchumer
662,116,senate,S000320,Shelby,AL,,R,43.0,0.8837209302325579,0.81982097,27.72514661,3,AL ,Richard Shelby,@SenShelby
663,116,senate,S000770,Stabenow,MI,,D,43.0,0.18604651162790697,0.42610247,0.22303327,43,MI ,Debbie Stabenow,@SenStabenow
664,116,senate,S001181,Shaheen,NH,,D,43.0,0.18604651162790697,0.41544479,-0.36766386,59,NH ,Jeanne Shaheen,@SenatorShaheen
665,116,senate,S001191,Sinema,AZ,,D,42.0,0.261904761904762,0.48898477,3.54559463,7,AZ ,Kyrsten Sinema,@SenatorSinema
666,116,senate,S001194,Schatz,HI,,D,42.0,0.166666666666667,0.16570347,-32.18281473,21,HI ,Brian Schatz,@SenBrianSchatz
667,116,senate,S001197,Sasse,NE,,R,40.0,0.85,0.81666148,25.04859475,57,NE ,Ben Sasse,@SenSasse
668,116,senate,S001198,Sullivan,AK,,R,40.0,0.85,0.69078975,14.73064079,1,AK ,Dan Sullivan,@SenDanSullivan
669,116,senate,T000250,Thune,SD,,R,42.0,0.880952380952381,0.82743452,29.79332222,81,SD ,John Thune,@SenJohnThune
670,116,senate,T000461,Toomey,PA,,R,41.0,0.8292682926829269,0.43441103,0.72426964,75,PA ,Patrick Toomey,@SenToomey
671,116,senate,T000464,Tester,MT,,D,43.0,0.162790697674419,0.75901005,20.42273211,51,MT ,Jon Tester,@SenatorTester
672,116,senate,T000476,Tillis,NC,,R,43.0,0.86046511627907,0.4905201,3.65522853,53,NC ,Thom Tillis,@SenThomTillis
673,116,senate,U000039,Udall,NM,,D,43.0,0.209302325581395,0.29602252,-8.2132684,63,NM ,Tom Udall,@SenatorTomUdall
674,116,senate,W000437,Wicker,MS,,R,43.0,0.8372093023255809,0.72882901,17.82624982,49,MS ,Roger Wicker,@SenatorWicker
675,116,senate,W000779,Wyden,OR,,D,43.0,0.18604651162790697,0.26548858,-10.97781682,73,OR ,Ron Wyden,@RonWyden
676,116,senate,W000802,Whitehouse,RI,,D,41.0,0.146341463414634,0.22228725,-15.50854907,77,RI ,Sheldon Whitehouse,@SenWhitehouse
677,116,senate,W000805,Warner,VA,,D,43.0,0.18604651162790697,0.33455063,-5.32370582,89,VA ,Mark Warner,@MarkWarner
678,116,senate,W000817,Warren,MA,,D,30.0,0.23333333333333303,0.18098683,-27.19670645,37,MA ,Elizabeth Warren,@SenWarren
