start_date,end_date,duration,gender,age,employment,income,education,religious_affiliation,religious_affiliation_other,religious_identity_1,religious_identity_2,religious_identity_3,religious_identity_4,party,party_other,ethnicity,ethnicity_other,marital_status,threatened_by_info,condition_religious_threat,quality_of_article,convincingness_of_article,right_wing_authoritarianism_01,right_wing_authoritarianism_02,right_wing_authoritarianism_03,right_wing_authoritarianism_04,right_wing_authoritarianism_05,right_wing_authoritarianism_06,right_wing_authoritarianism_07,right_wing_authoritarianism_08,right_wing_authoritarianism_09,right_wing_authoritarianism_10,right_wing_authoritarianism_11,right_wing_authoritarianism_12,right_wing_authoritarianism_13,right_wing_authoritarianism_14,right_wing_authoritarianism_15,right_wing_authoritarianism_16,right_wing_authoritarianism_17,right_wing_authoritarianism_18,right_wing_authoritarianism_19,right_wing_authoritarianism_20,right_wing_authoritarianism_21,right_wing_authoritarianism_22,right_wing_authoritarianism_23,right_wing_authoritarianism_24,right_wing_authoritarianism_25,right_wing_authoritarianism_26,right_wing_authoritarianism_27,right_wing_authoritarianism_28,right_wing_authoritarianism_29,right_wing_authoritarianism_30,right_wing_authoritarianism_31,right_wing_authoritarianism_32,right_wing_authoritarianism_33,right_wing_authoritarianism_34,right_wing_authoritarianism_35,right_wing_authoritarianism_36,attention_check_1,attention_check_2,attention_check_3,status_quo_conservatism_1,status_quo_conservatism_2,laissez_faire_conservatism_1,attention_check_4,laissez_faire_conservatism_2,laissez_faire_conservatism_3,authoritarian_parenting_preferences_1,authoritarian_parenting_preferences_2,authoritarian_parenting_preferences_3,authoritarian_parenting_preferences_4,political_attitudes_1,political_attitudes_2,political_attitudes_3,political_attitudes_4,political_attitudes_5,political_attitudes_6,political_attitudes_7,political_attitudes_8,political_attitudes_9,political_attitudes_10,political_attitudes_11,political_attitudes_12,political_attitudes_13,political_attitudes_14,tweet_1_agreement,tweet_1_accuracy,tweet_2_agreement,tweet_2_accuracy,tweet_3_agreement,tweet_3_accuracy,tweet_4_agreement,tweet_4_accuracy,tweet_5_agreement,tweet_5_accuracy,tweet_6_agreement,tweet_6_accuracy,tweet_7_agreement,tweet_7_accuracy,purpose_guess,guess_certainty,religious_identity_total,right_wing_authoritarianism_total,authoritarian_parenting_preferences_total,trump_tweet_agreement_total,trump_tweet_accuracy_total,conservative_political_belief_total
10/29/2018 14:12,10/29/2018 14:35,1420,2,19,6,12,7,6,,6,2,6,4,1,,1,,5,3,2,0,2,2,5,2,8,6,6,5,4,1,7,5,5,5,6,3,4,6,5,6,4,7,5,7,5,6,7,5,6,3,6,5,4,2,6,6,3,2,3,1,8,3,9,2,,10,2,1,2,2,6,7,1,5,7,4,7,2,4,2,4,67,100,100,19,9,8,5,11,11,11,9,10,11,10,11,9,9,How does ones socioeconomic status effect ones political views?,3,10,210,4,78,65,13.30717564
10/29/2018 14:49,10/29/2018 15:06,1007,1,20,6,1,7,6,,3,5,3,5,3,,1,,5,5,2,-1,-2,4,2,5,3,4,6,8,4,4,3,2,1,7,3,2,9,2,9,3,9,2,2,7,4,6,3,3,3,8,3,4,2,4,4,3,6,8,3,9,6,6,4,2,3,4,1,2,2,1,5,3,7,7,2,5,5,5,7,3,5,30,10,42,3,4,3,3,7,6,7,7,3,3,3,6,3,3,Does religious affliction affect political views,4,20,128,1,29,32,-3.303567315
10/29/2018 15:15,10/29/2018 15:32,1004,2,18,6,12,6,6,,3,4,2,5,1,,1,,5,2,2,2,-5,3,8,3,7,7,3,3,3,1,6,6,3,4,4,2,5,3,8,2,9,4,4,8,6,3,7,6,4,6,4,7,4,3,7,5,4,8,3,9,2,5,9,2,2,9,2,1,2,2,4,6,3,5,4,3,5,1,6,2,6,85,75,100,14,7,8,6,8,8,9,8,3,2,6,4,9,8,Where do you see yourself on the conservative liberal spectrum,3,20,194,4,57,43,10.86674649
10/29/2018 21:15,10/29/2018 21:32,1034,1,18,6,12,6,5,,5,4,3,5,2,,1,,1,4,2,3,1,2,2,5,5,5,6,5,6,2,4,6,1,6,4,3,6,5,7,4,8,6,4,7,2,4,4,4,5,5,5,1,1,3,4,3,4,8,3,9,6,6,5,,3,3,1,1,2,1,4,2,6,5,4,5,5,4,5,3,5,30,20,20,1,2,3,2,1,1,2,1,1,1,2,1,3,2,,1,17,168,2,13,10,-1.516788259
10/29/2018 21:49,10/29/2018 22:21,1962,2,18,6,11,6,6,,5,5,3,3,1,,1,,5,3,2,-1,0,3,5,6,6,6,5,5,5,1,4,6,4,6,6,2,5,5,8,5,6,5,3,6,1,4,2,4,6,2,6,6,4,8,4,6,4,8,3,1,7,5,,2,5,7,2,2,2,1,3,6,3,4,6,4,6,3,3,3,5,75,69,85,14,5,4,4,8,8,7,7,7,7,6,6,8,8,amount of college students that are that hold catholic and conservative beliefs.,3,16,186,2,54,45,9.541759941
10/30/2018 15:20,10/30/2018 16:02,2530,1,18,6,7,6,6,,1,7,1,7,1,,1,,5,2,2,0,4,4,3,7,1,3,9,5,3,3,1,4,1,3,5,9,1,6,1,3,3,5,8,8,4,6,3,5,5,5,3,8,1,5,4,3,9,8,3,9,4,3,6,2,5,5,1,2,1,1,3,3,4,5,4,6,1,4,1,2,6,67,67,67,2,2,2,2,1,1,2,2,4,4,5,5,3,3,How do personal/religous convictions effect people's world views and voting decisions?,4,28,177,0,19,19,2.965936836
10/30/2018 20:19,10/30/2018 20:47,1696,1,20,6,4,5,5,,2,6,1,6,2,,3,,5,5,2,2,2,5,4,4,6,4,8,8,9,4,4,4,4,8,6,2,1,8,5,3,8,9,7,8,3,4,8,6,7,4,8,9,8,2,6,2,4,8,3,9,,5,,,,10,1,1,1,1,6,5,7,3,1,3,3,7,4,1,7,11,10,10,1,1,1,1,8,7,3,2,2,3,1,1,5,5,How does a persons religious beliefs affect their views on the government?,4,25,196,1,21,20,1.943402465
11/1/2018 13:26,11/1/2018 13:39,802,2,22,6,6,7,6,,7,2,1,1,3,,1,,5,1,2,0,0,3,5,7,6,6,6,2,7,4,6,4,2,8,2,2,6,4,8,4,9,2,2,5,8,5,6,6,5,5,1,6,2,4,6,4,4,8,3,9,,7,3,2,,,2,2,2,2,5,3,7,7,2,5,5,5,5,1,4,30,40,50,2,1,1,1,4,3,4,4,1,1,3,1,4,4,Does your religious beliefs affect your political beliefs.,3,11,148,3,19,15,-0.1016228051
11/1/2018 17:30,11/1/2018 17:55,1507,1,47,1,2,8,7,,3,5,3,5,1,,1,,1,7,2,4,4,1,2,2,9,9,2,5,2,1,2,3,3,3,1,7,7,2,4,1,8,8,6,9,4,1,9,2,9,1,9,9,9,5,1,8,8,8,3,9,4,5,5,2,1,7,2,1,2,2,3,7,1,1,7,4,1,4,7,1,4,71,71,81,19,11,6,5,11,11,11,11,11,10,11,11,11,11,,1,20,236,4,80,70,6.095395257
11/2/2018 17:21,11/2/2018 17:39,1108,1,18,6,8,6,6,,5,3,3,3,3,,1,,5,2,2,4,5,9,1,8,4,4,9,6,7,4,3,3,2,7,3,2,5,2,8,5,9,2,1,4,6,8,3,8,2,7,2,3,2,7,8,1,8,8,3,9,3,4,2,2,5,2,1,2,1,1,6,3,6,6,4,5,2,6,6,1,3,51,49,50,2,3,4,2,1,1,6,6,2,2,1,1,1,1,How does our country's members feel about politics and religion?,2,14,95,0,17,16,-0.4589772499
11/2/2018 21:55,11/2/2018 22:19,1462,2,24,6,1,7,11,,2,6,6,6,3,,1,,5,2,2,3,3,7,2,9,2,5,9,9,7,5,3,3,1,7,4,1,9,5,9,4,9,2,1,7,7,7,5,9,2,7,2,5,2,5,9,2,5,8,3,9,9,8,5,2,5,4,1,2,1,1,6,4,4,7,4,6,4,6,7,2,5,30,30,30,13,5,1,1,2,3,1,1,1,1,5,5,5,5,What political/religious values people have,5,20,101,0,28,21,-3.425238257
11/5/2018 9:27,11/5/2018 9:43,937,1,21,6,9,7,5,,3,5,3,5,2,,1,,5,4,2,2,1,8,2,9,1,2,9,8,9,6,1,1,1,8,2,1,8,1,8,6,9,2,1,5,4,2,3,2,4,7,3,2,4,6,4,2,6,8,3,9,10,5,5,,,,1,2,1,1,7,6,7,7,3,7,2,3,7,1,7,30,20,60,1,1,1,1,6,4,7,6,1,1,1,5,1,4,How are college students responding to the actions of Donald Trump?,3,20,99,0,18,22,2.543420456
11/5/2018 12:24,11/5/2018 13:05,2443,2,20,6,6,6,2,,6,1,6,2,3,,5,,5,2,2,2,-3,7,4,6,3,3,4,6,6,2,3,3,3,7,3,1,6,2,8,6,8,2,7,2,3,5,3,7,3,3,3,4,3,3,6,2,2,8,3,9,3,8,9,2,3,7,1,2,1,1,4,5,2,6,2,4,2,6,7,3,6,40,56,30,3,7,4,8,3,8,1,3,1,2,3,3,1,7,how we answer questions with prior knowledge vs recently learned knowledge,5,7,139,0,16,38,-4.283294944
11/6/2018 14:29,11/6/2018 14:45,989,1,,6,5,8,11,,6,2,6,2,4,,1,,5,4,2,4,5,7,8,5,8,5,8,7,5,3,8,5,6,7,6,8,2,2,8,3,8,5,2,8,3,1,5,1,5,2,9,7,5,8,2,8,5,8,3,9,7,5,6,,,,1,2,1,1,7,4,7,6,2,6,7,7,4,5,6,45,35,45,14,5,5,6,7,6,4,6,5,6,2,3,4,4,Does the kind of soil affect the rate of water erosion?,3,8,205,0,41,36,1.270574891
11/6/2018 19:13,11/6/2018 19:36,1362,2,18,1,4,6,6,,7,1,2,2,3,,2,,5,2,2,0,3,7,4,7,5,5,8,5,8,6,3,4,1,8,1,2,5,5,8,6,9,1,3,4,8,7,3,7,6,6,5,3,3,3,6,3,4,8,7,9,6,5,7,2,3,6,1,2,2,1,4,3,4,5,4,3,4,4,6,2,4,40,20,41,12,4,3,3,2,1,11,11,9,9,4,6,7,7,"How do age, religion, and personal values affect political beliefs?",3,10,123,1,48,41,-0.497979669
11/8/2018 17:25,11/8/2018 18:01,2200,1,20,6,1,7,6,,6,2,6,2,3,,1,,5,2,2,7,6,4,2,6,7,5,5,2,6,2,3,6,3,7,4,1,5,3,9,3,8,2,2,5,5,6,4,6,3,3,5,3,5,3,4,4,2,8,3,1,8,7,10,2,1,3,2,2,1,1,5,5,3,7,5,6,5,6,6,2,5,60,10,55,1,1,10,10,6,5,1,1,4,4,2,2,3,3,political and religious affiliations of cmu students,2,8,161,1,27,26,-0.9597959767
11/9/2018 18:44,11/9/2018 18:57,763,1,,6,5,8,11,,5,2,4,4,4,,1,,5,4,2,4,3,8,6,5,7,2,8,8,5,9,6,5,7,2,4,5,5,9,8,5,5,7,8,5,5,2,8,2,7,1,8,1,5,7,1,9,2,8,3,9,10,5,1,8,,,2,2,1,1,7,4,7,6,2,4,7,6,4,5,4,50,50,50,12,,11,11,5,5,2,1,11,11,3,2,2,3,What are some of the controversial issues in health?,4,13,201,1,46,,2.971734782
11/11/2018 14:25,11/11/2018 15:02,2182,1,19,6,11,7,5,,7,1,5,5,2,,1,,5,1,2,4,4,6,2,6,6,3,6,7,5,4,3,4,1,7,1,3,7,3,9,6,9,2,3,3,3,5,2,4,6,4,4,4,3,5,6,6,3,8,7,9,7,6,5,2,1,5,1,2,1,1,5,5,5,7,1,4,5,6,7,2,3,29,7,25,1,4,4,4,3,3,3,3,3,3,2,2,3,3,How do feel about the current political environment of the US?,4,10,137,0,19,22,-5.284049212
11/12/2018 23:29,11/12/2018 23:53,1396,2,19,6,7,7,5,,7,1,7,1,4,Libertarian,1,,5,2,2,5,5,5,3,7,8,5,5,8,7,1,6,7,1,9,7,5,7,5,8,2,8,6,6,7,3,6,7,8,6,6,2,5,3,4,7,3,7,8,3,9,5,5,10,2,1,7,1,1,2,2,5,7,1,6,7,4,3,3,4,1,7,75,20,90,16,8,2,2,11,8,9,9,9,9,5,7,9,9,What political stance do college kids have?,2,4,164,3,61,52,8.756896328
11/13/2018 14:48,11/13/2018 15:05,986,2,22,6,1,7,2,,6,2,5,2,2,,1,,5,1,2,5,6,8,3,8,2,3,8,5,9,5,2,2,1,8,1,1,6,4,9,7,8,1,2,2,9,5,3,6,3,4,2,3,3,5,7,3,8,8,3,9,9,8,4,2,3,2,1,2,1,1,5,3,6,7,7,7,3,6,7,4,6,25,8,42,1,3,2,3,1,1,1,1,1,2,3,3,1,1,how closely do people believe in the political parties they identify with?,3,9,96,0,10,14,-4.364916209
11/14/2018 13:58,11/14/2018 14:17,1138,1,20,6,5,8,6,,4,1,3,2,4,,1,,5,2,2,-4,2,7,1,6,2,2,9,8,6,2,1,2,2,4,2,5,9,7,3,4,7,2,5,5,3,7,1,8,2,8,2,2,2,7,8,2,8,9,4,8,8,7,7,3,,,2,2,2,1,7,5,6,7,4,7,5,5,1,1,6,35,25,40,1,1,2,1,3,2,2,1,3,2,1,1,2,2,People's beliefs on how authority should be followed,4,12,113,2,14,10,4.693957429
11/14/2018 15:39,11/14/2018 15:51,677,2,19,6,11,7,6,,6,1,6,2,3,,1,,5,2,2,0,0,4,4,7,5,6,3,4,3,3,3,3,2,7,2,2,3,3,8,7,9,2,5,5,8,6,5,5,5,6,5,3,5,3,7,3,3,8,3,9,7,5,5,2,2,5,1,2,2,2,5,5,5,7,6,6,6,4,6,1,4,50,40,60,12,4,3,3,6,6,8,8,3,7,8,6,6,4,,1,7,152,2,46,38,3.494876427
11/14/2018 17:24,11/14/2018 18:05,2451,1,19,3,7,7,5,,6,2,6,2,2,,6,Black and White,5,4,2,3,3,3,5,8,4,4,8,4,6,3,5,2,1,8,2,5,5,5,8,6,9,3,3,3,5,5,6,5,6,7,6,5,3,4,4,5,8,8,3,9,,6,5,2,,4,1,2,2,2,4,3,7,5,4,5,5,6,4,1,5,50,51,50,13,5,1,1,2,2,9,9,1,1,4,4,5,5,How do religion and political views correspond?,3,8,147,2,35,27,3.428186408
11/15/2018 19:48,11/15/2018 20:08,1183,2,20,1,1,7,1,,6,3,3,3,2,,1,,5,2,2,4,2,4,3,6,6,6,5,5,6,2,3,5,2,6,4,2,6,3,9,3,8,2,4,6,6,5,2,6,5,6,3,5,2,5,2,4,3,2,3,1,9,5,4,,7,2,2,2,1,1,4,3,5,7,2,6,6,7,6,6,4,26,25,25,1,,1,1,2,3,1,1,1,1,1,1,3,1,Do people who not like trump actually agree with some of his views.,3,13,154,1,10,,-9.062307484
11/19/2018 20:33,11/19/2018 20:52,1135,2,20,6,12,7,1,,6,3,6,2,2,,3,,5,2,2,6,6,6,4,7,6,5,7,3,6,4,6,4,2,7,3,2,8,3,7,4,7,3,4,6,5,4,6,3,5,4,5,5,3,3,3,4,4,8,3,9,7,6,5,2,6,4,1,2,1,2,2,3,6,6,2,5,6,4,6,4,5,45,20,60,3,2,2,3,5,4,1,1,3,2,6,6,4,3,The effects of Religion and Media on the Ability to Discern Facts from Lies,4,9,164,1,24,21,-2.756260808
11/20/2018 14:22,11/20/2018 14:34,726,1,20,6,1,7,5,,2,4,4,4,2,,1,,5,4,2,5,4,6,3,4,3,4,8,7,2,2,3,4,2,4,2,1,2,1,8,3,9,4,3,8,3,7,6,3,2,6,4,5,5,1,2,2,2,8,3,9,10,10,1,2,,10,2,1,1,1,5,2,6,3,2,6,2,7,7,5,6,20,19,22,1,1,3,2,1,1,1,1,1,1,1,1,1,1,How people's religious and political beliefs affect their life.,2,18,163,2,9,8,-7.255966419
11/20/2018 21:42,11/20/2018 22:03,1267,1,18,4,8,6,11,none,1,1,1,1,1,,4,,5,4,2,1,-3,4,4,6,7,6,7,5,5,3,5,3,3,6,6,1,5,6,7,3,8,4,4,8,6,5,4,5,6,3,6,6,5,5,4,3,6,8,3,9,4,7,2,2,3,4,2,1,2,1,5,5,5,6,4,5,6,6,1,3,4,50,42,50,13,4,6,4,6,6,6,6,7,6,6,5,5,5,,1,16,174,3,49,36,3.532410782
11/21/2018 13:08,11/21/2018 13:37,1748,1,18,6,12,7,11,No affiliation,7,1,1,1,3,,1,,5,3,2,1,2,3,1,6,3,6,8,6,6,2,2,3,1,8,1,1,5,2,9,2,9,7,7,6,8,8,6,8,7,3,8,6,6,6,4,6,3,8,3,9,9,8,9,,2,7,1,2,2,1,5,5,6,7,4,6,7,7,7,1,5,50,50,42,15,3,5,8,1,4,3,2,6,9,1,1,4,2,How do students religious beliefs align with their views on the government?,2,10,155,1,35,29,1.313097144
11/27/2018 21:40,11/27/2018 21:46,390,1,21,6,1,9,11,,7,4,6,4,4,,1,,5,3,2,-7,-7,5,5,5,5,5,5,5,5,5,5,5,5,5,5,5,5,5,5,5,5,5,5,5,5,5,5,5,5,5,5,5,5,5,5,5,5,5,5,5,4,8,5,5,5,5,1,2,1,1,4,4,4,4,4,4,4,4,4,4,4,27,40,22,13,5,5,5,5,5,5,5,5,5,5,5,5,5,,3,11,180,0,43,35,-0.7650535707
11/28/2018 2:01,11/28/2018 3:00,3551,2,21,6,11,7,2,,7,1,7,1,3,,1,,5,1,2,0,4,2,4,6,8,7,7,6,5,2,1,5,3,8,1,1,3,3,9,6,9,1,7,3,9,7,8,5,7,2,2,5,5,5,7,5,2,8,3,9,7,8,8,2,1,5,1,2,2,1,4,5,7,6,4,6,6,4,7,2,1,50,35,70,2,1,1,1,2,2,1,1,1,1,5,9,6,4,The study of the current percentage of Americans being Christian.,3,4,156,1,18,19,0.1264607282
11/28/2018 7:49,11/28/2018 9:00,4211,2,18,6,1,6,6,,6,4,3,2,4,Undecided,1,,5,5,2,3,8,8,3,6,6,4,7,5,7,2,3,6,1,9,3,3,2,7,2,3,8,7,6,8,4,6,6,5,6,5,5,4,1,2,3,5,5,8,3,9,6,5,4,2,2,4,1,1,2,1,4,5,5,6,2,6,2,5,6,4,6,51,49,51,1,3,3,1,7,7,6,5,2,2,1,7,6,8,,1,13,175,2,26,33,-2.519703797
11/28/2018 11:26,11/28/2018 11:54,1692,2,18,3,12,6,6,,6,1,6,2,3,,1,,5,2,2,-4,-6,2,4,4,6,3,6,2,5,3,4,2,4,9,7,5,5,6,8,3,9,8,3,7,7,4,7,3,5,1,7,6,4,2,6,4,6,8,3,9,4,5,2,,9,5,2,1,1,2,3,6,6,7,3,2,7,2,6,2,6,72,92,73,15,3,4,3,7,8,7,3,4,7,5,4,3,9,Do people have stronger moral beliefs or are they all about the present?,2,7,187,3,45,37,10.28264155
11/28/2018 15:55,11/28/2018 16:24,1708,1,18,6,3,6,5,,3,3,5,3,1,,1,,5,5,2,6,6,3,2,1,3,7,3,3,4,2,7,7,3,8,4,5,3,8,9,5,9,6,7,7,6,4,7,4,6,2,6,2,2,4,5,4,4,8,3,9,4,7,4,2,3,5,1,2,1,1,5,5,7,6,4,7,3,6,6,3,7,48,10,54,3,1,9,11,6,6,6,6,5,5,7,7,8,8,Did you vote for Trump or Clinton?,3,14,194,0,44,44,-0.3626256269
11/28/2018 17:26,11/28/2018 17:50,1470,2,18,6,8,5,7,,6,2,6,2,2,,1,,5,3,2,-3,-2,7,2,9,6,6,2,5,3,1,2,5,1,8,2,1,5,3,9,6,7,3,2,5,6,7,7,7,5,5,2,3,3,6,6,3,3,8,3,9,8,8,5,2,,5,1,2,1,1,4,6,6,2,4,5,5,6,7,3,4,20,20,20,2,1,4,3,6,7,5,7,1,1,5,1,5,5,,1,8,139,0,28,25,-0.853603036
11/28/2018 18:46,11/28/2018 19:21,2060,1,22,6,2,8,5,,3,5,3,5,2,,6,Biracial,5,6,2,0,-4,6,2,4,4,3,4,4,4,2,4,4,2,7,6,2,7,3,4,2,8,4,4,6,1,8,3,6,4,6,3,7,3,4,3,3,8,8,3,9,5,6,6,,2,4,2,2,1,1,5,2,7,6,2,7,3,4,7,1,5,85,87,20,1,2,2,2,1,,2,3,1,2,1,1,1,2,,4,20,159,1,9,,0.4666658252
11/28/2018 19:43,11/28/2018 20:11,1681,2,18,6,8,6,11,Not Sure,4,4,4,4,3,,1,,5,1,2,0,3,6,3,7,2,4,8,5,8,3,2,3,2,8,2,1,5,4,9,5,9,2,3,4,5,5,3,5,5,7,2,7,2,5,5,5,4,8,3,9,8,8,,2,,3,1,2,1,1,3,3,5,6,2,4,3,6,7,3,4,25,10,50,3,1,5,2,5,2,1,1,3,6,1,4,3,2,How does someone's background and beliefs affect their thoughts on the Government?,4,16,127,0,21,18,-6.991183239
11/29/2018 19:52,11/29/2018 20:08,980,2,18,6,8,5,7,,6,2,6,2,2,,1,,5,2,2,0,0,5,2,8,5,2,8,7,7,1,3,4,2,8,3,2,5,3,9,6,9,3,3,7,6,6,7,7,5,3,5,2,2,7,7,2,2,8,3,9,7,6,5,2,,5,1,2,1,1,4,6,6,2,4,4,5,6,6,2,4,20,20,20,3,1,5,5,7,7,5,5,2,1,3,1,5,5,,1,8,131,0,30,25,1.121436381
11/29/2018 22:45,11/29/2018 23:00,901,2,20,1,11,5,6,,6,4,6,4,4,I don't know,1,,5,3,2,3,1,5,7,6,7,6,5,5,6,2,5,6,5,6,7,5,5,8,5,6,9,7,9,5,5,7,5,3,8,5,9,8,5,5,1,7,5,8,3,9,10,6,6,2,3,5,1,2,2,2,4,4,6,6,4,5,5,4,3,4,4,34,22,30,3,5,1,3,7,5,3,3,1,1,2,2,1,1,How do political views control other aspects of one's life?,4,12,208,2,18,20,-0.5294694646
11/30/2018 0:46,11/30/2018 1:05,1135,1,20,6,12,7,5,,4,2,3,2,1,,1,,5,3,2,1,-1,5,5,5,5,5,3,5,5,4,6,5,6,8,6,4,5,7,7,5,7,5,6,5,4,6,6,4,6,2,5,6,5,5,4,6,5,8,3,9,7,5,3,2,5,4,2,1,2,2,4,5,7,4,6,4,2,4,6,5,4,50,50,50,13,5,8,9,5,5,5,5,4,4,5,5,5,5,how your beliefs range depending on your background,2,13,190,4,45,38,2.252461371
11/30/2018 15:26,11/30/2018 15:30,256,1,18,6,11,6,6,,4,4,4,4,1,,1,,1,2,2,-2,-1,5,5,2,9,2,7,3,9,1,6,7,5,8,7,4,9,7,3,8,6,4,4,4,5,7,9,1,5,6,4,6,7,9,7,5,6,,2,7,,6,8,7,6,5,2,2,2,2,2,6,6,5,6,7,6,6,6,7,6,100,100,100,18,6,4,5,5,10,3,6,4,2,4,5,4,5,,6,16,178,3,42,39,4.865073833
12/5/2018 8:38,12/5/2018 8:53,898,2,22,1,1,7,2,,7,1,7,1,2,,1,,5,1,2,8,8,7,1,9,1,1,9,9,9,3,1,1,1,9,2,1,9,3,9,8,9,1,1,6,9,1,1,9,1,7,1,1,1,4,9,1,5,8,3,9,8,7,2,,10,,1,2,1,1,7,1,3,7,7,7,3,7,7,1,1,30,20,50,1,1,3,2,6,3,1,1,1,1,7,1,1,1,How to people evaluate their leaders/persons in power?,3,4,72,0,20,10,-6.918082762
12/5/2018 11:14,12/5/2018 11:27,806,1,18,6,11,6,6,,5,3,3,5,3,,1,,5,6,2,3,1,6,4,4,3,6,6,6,5,4,3,3,6,9,3,4,7,5,8,4,9,3,5,6,1,5,3,6,6,5,3,7,3,4,4,4,5,8,3,9,6,5,7,,3,6,2,2,2,2,5,6,7,7,4,7,7,3,7,1,4,50,50,50,12,6,2,1,2,3,1,1,3,3,5,5,4,3,What is your political point of view,4,16,159,3,29,22,3.917021009
12/5/2018 11:59,12/5/2018 12:13,869,2,18,6,11,7,7,,3,6,2,6,3,,4,,5,3,2,4,6,4,4,8,4,4,3,4,4,2,2,6,3,6,6,4,5,3,6,1,6,3,3,7,3,6,3,8,4,1,4,1,4,6,4,4,2,8,3,9,8,4,6,2,3,9,2,2,2,1,2,3,5,2,5,2,6,6,6,1,5,60,40,80,12,3,6,3,7,6,7,8,1,2,7,8,8,9,,1,23,170,2,48,39,5.990655946
12/5/2018 12:46,12/5/2018 13:05,1150,2,20,6,1,8,5,,7,1,1,1,4,moderate,1,,5,3,2,8,6,1,2,6,7,5,7,3,6,2,6,7,3,6,2,2,5,6,5,3,7,4,3,6,7,3,4,3,6,3,4,5,4,3,6,3,3,8,7,9,7,6,6,2,3,5,2,2,2,1,3,5,4,5,5,6,5,4,6,2,5,60,60,50,14,7,3,1,7,7,6,6,7,7,5,6,6,6,How religious affiliation affects an individuals political stance and whether or not it can change the way they view information.,4,10,180,2,48,40,2.272461088
12/5/2018 12:56,12/5/2018 13:29,1996,1,22,6,1,8,11,Not affiliated,7,2,2,4,2,,1,,5,2,2,5,-1,5,5,8,4,3,8,8,6,2,4,3,1,9,4,5,6,4,7,5,9,1,2,6,8,8,2,8,6,5,3,8,2,4,8,6,4,8,3,9,5,7,3,2,6,2,1,2,2,1,3,4,6,7,1,6,4,5,7,1,5,30,10,30,3,1,8,8,3,2,6,6,1,1,1,5,6,4,,1,13,131,1,28,27,-5.832169219
12/5/2018 14:49,12/5/2018 15:05,959,1,18,6,4,6,1,,6,3,6,2,2,,1,,5,3,2,2,2,7,4,6,4,6,7,7,5,3,3,6,1,8,2,1,6,1,9,4,9,2,4,6,8,7,7,4,6,6,7,5,6,4,7,4,5,8,3,9,7,7,4,2,1,3,1,2,2,1,6,3,5,7,3,3,5,5,7,2,6,40,20,60,12,3,1,1,3,2,1,1,1,1,1,1,2,2,Social and Political Beliefs of College Students,3,9,143,1,21,11,1.270524864
12/5/2018 15:05,12/5/2018 15:34,1728,1,19,6,3,6,6,,5,5,1,6,3,,2,,5,4,2,-7,-7,6,1,9,6,2,6,5,6,4,3,1,1,6,4,5,5,5,5,6,9,3,4,7,5,4,4,4,6,1,4,5,5,1,6,5,3,8,3,9,10,4,8,2,5,4,1,1,2,2,4,3,7,7,2,6,4,7,3,2,3,45,46,45,13,5,6,5,4,4,5,5,1,1,5,9,5,5,,1,21,160,3,39,34,-3.022853391
12/5/2018 16:26,12/5/2018 16:57,1884,2,21,1,8,7,3,,7,1,6,1,3,,5,,5,2,2,2,-1,2,5,7,3,6,5,5,4,4,7,4,3,9,3,5,5,8,7,5,9,7,7,7,8,4,7,5,7,4,7,6,6,3,4,5,3,8,3,9,7,3,4,2,2,3,2,2,2,1,3,4,7,6,4,6,6,6,5,3,4,40,60,80,12,3,9,9,8,6,9,7,9,7,2,2,5,5,Donald Trump's Tweets,2,5,190,2,54,39,0.9450609672
12/5/2018 17:21,12/5/2018 17:50,1732,2,18,3,12,6,6,,6,2,5,4,1,,1,,5,3,2,2,0,4,5,5,6,6,7,7,4,7,5,5,5,5,4,3,4,3,9,5,8,8,6,5,5,5,7,4,7,5,1,5,5,6,7,5,5,8,3,9,7,6,5,2,3,6,1,2,2,2,5,5,4,4,4,5,6,5,5,4,4,58,48,75,13,6,4,4,9,8,5,2,5,7,6,8,5,6,Do people actually follow the beliefs that they state they follow to society?,6,11,169,2,47,41,3.408413218
12/5/2018 19:07,12/5/2018 19:20,777,2,22,6,9,7,2,,4,5,4,2,3,,1,,5,1,2,3,2,5,4,6,5,4,6,9,6,2,5,3,2,5,2,1,5,2,8,6,7,1,2,2,9,4,3,6,3,6,4,1,3,5,3,3,6,8,3,9,7,6,6,2,2,5,1,1,1,1,4,5,6,6,4,4,4,5,5,3,1,40,35,50,3,4,1,1,3,2,1,1,1,3,5,4,4,2,How are people's views on religion linked with politics and how you raised you're kids,4,15,126,1,18,17,-1.4430856
12/5/2018 19:24,12/5/2018 19:37,804,2,19,6,10,7,7,,6,2,2,2,2,,1,,5,5,2,3,4,7,2,5,3,2,6,9,7,4,1,3,2,8,5,3,9,7,7,2,9,1,2,8,3,6,2,8,5,4,1,3,1,2,7,1,8,8,3,9,7,8,2,2,2,2,1,2,1,1,5,1,7,7,1,6,1,7,4,2,5,25,20,30,3,3,3,7,1,1,2,2,1,4,3,9,4,6,Can one's opinions be changed easily after reading something??,4,12,121,0,17,32,-7.308949193
12/5/2018 19:21,12/5/2018 19:47,1521,1,18,6,7,6,6,,3,5,1,3,1,,6,,5,2,2,2,1,5,3,4,7,3,9,8,2,2,2,6,4,8,2,1,5,3,9,7,9,4,6,7,4,4,2,5,5,3,6,4,4,6,6,3,4,8,3,9,7,5,4,2,,5,1,1,1,1,5,6,6,5,1,6,2,4,7,1,6,71,42,100,13,4,3,2,11,11,10,9,2,1,11,6,5,4,If I am republican or democrat,4,20,152,1,55,37,3.945633916
12/5/2018 17:50,12/5/2018 20:40,10218,2,18,4,12,6,6,,6,2,6,3,1,,1,,5,2,2,1,-1,1,6,7,8,6,6,7,2,3,7,7,6,7,5,1,4,1,9,2,7,9,4,8,7,3,8,4,7,4,1,5,6,3,2,6,5,8,3,9,6,4,7,2,2,8,1,2,1,1,2,7,5,2,4,2,6,3,6,2,4,69,62,78,14,5,9,10,10,8,9,6,11,7,9,9,5,5,Is to see if people actually follow and believe in the guidelines they blame to.,6,9,198,0,67,50,9.487151149
12/5/2018 20:18,12/5/2018 21:35,4618,1,19,4,10,7,5,,3,5,2,5,2,,1,,5,4,2,3,5,4,4,5,5,2,7,7,5,3,3,2,3,8,3,3,8,6,8,5,9,6,4,7,3,7,5,4,2,7,3,2,3,5,4,3,5,8,3,9,7,6,6,,3,5,1,2,1,1,6,2,6,7,2,6,3,6,7,4,6,50,50,52,2,1,7,7,4,4,4,4,4,5,3,5,4,4,,1,21,142,0,28,30,-3.439523281
12/5/2018 21:21,12/5/2018 21:44,1392,2,18,6,10,6,2,,1,2,1,2,3,,1,,3,2,2,-1,-4,6,3,2,4,4,8,3,6,2,7,4,3,1,3,8,5,1,8,6,1,3,2,5,4,4,7,7,6,4,3,7,3,3,1,2,4,8,3,1,9,4,5,2,2,5,1,2,1,1,4,3,6,5,3,5,5,3,6,1,4,50,30,60,3,3,4,5,3,3,4,4,5,5,4,8,6,4,how you feel about the political climate and what side you lean toward more frequently.,3,18,180,0,29,32,1.946745593
12/5/2018 22:03,12/5/2018 22:26,1374,1,18,6,8,6,6,,6,2,6,2,2,,1,,5,3,2,1,2,6,3,6,3,4,8,6,6,5,2,3,2,7,5,2,5,1,9,3,9,4,3,5,5,5,4,4,4,5,6,4,6,4,7,5,4,8,3,9,3,7,3,2,3,,2,2,1,1,7,5,7,7,2,6,4,6,7,5,6,10,19,10,15,4,6,6,3,3,5,2,1,1,2,8,5,5,Leader Eligibility,3,8,142,1,37,29,-4.888421233
12/5/2018 22:14,12/5/2018 22:30,999,1,19,1,4,7,1,,7,1,6,2,2,,2,,5,3,2,-1,1,7,4,8,3,2,8,4,8,6,2,4,2,9,1,1,8,3,9,8,9,2,2,1,8,7,6,6,4,3,3,4,4,3,5,2,7,8,3,9,10,10,1,2,,3,1,2,1,1,7,1,7,7,4,6,2,7,7,5,6,,,,1,1,1,1,1,2,1,2,1,1,1,1,1,2,How does religion affect one's political ideologies?,3,6,107,0,7,10,
12/5/2018 18:00,12/5/2018 23:03,18214,2,20,6,12,7,5,,6,2,3,4,2,,1,,5,5,2,5,-3,7,8,9,2,7,9,2,7,2,3,5,1,6,2,2,8,2,9,2,7,1,3,8,7,8,7,7,4,3,2,5,4,4,9,1,4,8,3,9,7,4,9,2,,5,2,2,2,1,5,4,6,5,5,2,7,7,7,2,4,30,15,65,15,4,8,5,6,9,8,9,3,2,11,4,5,7,Comparing my ethics and morals to the President of United States's,4,13,137,2,56,40,2.838351031
12/5/2018 23:09,12/5/2018 23:35,1551,1,18,6,1,6,2,,7,1,7,2,2,,1,,5,1,2,0,2,6,2,6,5,2,7,7,7,3,3,3,1,8,1,1,6,2,9,5,9,2,2,2,8,5,3,5,3,7,3,4,2,6,6,2,8,8,7,9,7,9,2,2,3,,1,2,2,1,4,2,7,7,1,7,2,7,7,5,4,4,0,3,1,1,1,1,1,1,1,1,1,1,1,1,1,1,What are the values and morals of an individual based on political and religious beliefs,3,5,105,1,7,7,-14.7287086
12/5/2018 23:50,12/6/2018 0:03,784,1,21,6,1,7,5,,2,6,2,6,2,,3,,5,6,2,-1,-1,5,5,5,6,5,6,4,5,5,6,4,6,5,6,6,5,7,7,4,5,5,5,8,4,5,5,5,5,8,5,5,5,6,6,5,5,8,3,9,5,5,5,,5,5,2,1,2,1,4,4,6,4,5,4,2,4,5,3,4,49,50,48,1,1,1,1,1,1,1,1,1,1,1,1,1,1,do people who are religious follow the beliefs of their religion or do they deviate?,2,24,184,3,7,7,2.260411784
12/6/2018 6:01,12/6/2018 6:08,397,2,22,6,3,7,11,,4,4,4,4,3,,2,,5,3,2,0,0,4,6,4,5,7,6,7,6,6,8,5,5,3,4,5,5,5,7,7,3,4,5,5,6,4,5,2,5,5,6,3,6,4,3,5,6,4,4,6,5,5,6,6,5,6,1,2,1,1,4,4,4,4,4,6,4,3,3,3,5,53,52,57,13,5,5,5,5,6,6,6,6,6,7,7,7,8,political affiliation,4,16,186,0,49,43,3.215615926
12/6/2018 10:31,12/6/2018 10:56,1518,2,30,1,3,7,5,,5,5,3,2,4,Moderate,3,,5,2,2,-5,-8,7,1,7,3,2,5,6,7,4,1,1,1,9,1,1,9,5,9,4,9,3,5,1,5,5,3,7,5,5,1,2,5,5,6,2,6,8,3,9,7,6,5,2,5,3,1,2,1,1,5,5,7,7,4,4,4,6,7,1,5,45,17,65,1,2,1,3,7,5,4,3,1,1,6,4,4,3,Can political or religious beliefs affect how someone forms their personal views?,3,15,108,0,24,21,1.753285959
12/6/2018 12:29,12/6/2018 12:49,1171,1,18,6,5,5,5,,5,6,2,6,3,,1,,5,4,2,6,-4,6,3,6,3,2,4,7,3,1,2,2,1,8,2,3,6,6,7,7,8,5,3,2,4,7,6,6,7,2,6,3,3,3,8,3,4,8,3,9,8,4,1,2,3,7,1,2,2,1,5,5,6,3,6,5,6,6,7,3,5,63,70,50,12,4,8,8,8,7,8,8,5,5,4,3,7,6,"If the survey taker is in fact reading the questions and answering, instead of skimming through.",6,21,145,1,52,41,6.033414249
12/6/2018 13:18,12/6/2018 13:54,2162,1,18,6,5,6,6,,2,6,1,6,1,,1,,5,6,2,3,6,2,7,6,8,6,6,3,2,1,7,7,7,3,8,7,4,6,5,2,6,6,7,8,2,3,7,4,7,3,6,3,6,3,3,7,2,8,3,9,5,4,4,2,3,9,2,2,2,1,4,6,7,6,3,6,6,6,2,2,4,80,90,80,13,4,11,11,11,11,10,10,11,11,7,6,8,8,What is my current political/moral beliefs?,4,25,240,2,71,61,7.494032887
12/6/2018 14:19,12/6/2018 14:30,674,2,18,3,12,6,6,,6,2,4,2,1,,1,,5,2,2,1,-1,5,6,7,5,6,6,5,5,5,7,7,6,5,5,2,5,3,8,4,5,8,5,7,5,5,8,3,5,6,1,6,5,5,5,6,5,8,3,9,8,3,8,2,3,4,1,2,2,1,4,6,5,4,4,3,6,3,6,5,4,60,68,78,13,5,8,9,10,11,9,6,10,11,9,6,5,5,to see if people actually follow the guidelines they say they do.,6,10,184,1,64,53,6.313327914
12/6/2018 14:37,12/6/2018 14:48,675,2,19,6,9,6,5,,4,5,5,5,1,,1,,5,5,2,3,2,4,6,6,9,7,7,3,3,1,8,7,6,6,3,3,3,6,7,8,4,4,6,7,4,5,7,2,4,3,8,5,5,3,4,6,4,8,3,9,3,9,9,2,4,7,2,1,2,2,1,6,4,1,7,4,6,2,7,3,2,80,100,100,19,11,11,11,9,6,9,10,11,11,7,8,7,6,,1,17,210,4,73,63,9.233001141
12/6/2018 15:24,12/6/2018 15:34,607,1,18,6,7,7,5,,4,4,4,4,1,,1,,5,1,2,1,3,7,5,3,7,5,6,4,6,1,4,5,5,6,4,4,5,3,6,5,7,5,4,5,4,5,5,5,5,5,5,4,4,3,5,7,5,8,3,9,5,5,8,2,5,5,2,1,2,2,3,4,5,4,4,3,5,3,5,2,4,46,54,53,3,2,9,8,2,2,2,2,5,5,3,2,5,5,Political stance,4,16,178,4,29,26,4.275716839
12/6/2018 16:39,12/6/2018 16:53,887,1,20,1,2,7,2,,6,2,6,2,3,,1,,5,1,2,-4,-1,7,3,8,3,4,7,7,7,4,3,4,3,8,4,2,8,3,8,6,8,2,4,4,7,6,3,6,5,4,3,7,3,5,3,4,6,8,3,9,10,5,6,2,1,5,1,2,1,1,5,4,5,7,4,5,4,4,7,3,4,50,50,50,12,4,2,2,3,3,4,4,4,4,6,6,6,6,Whether your political views impact your religious beliefs,2,8,129,0,37,29,-0.5871222666
12/5/2018 22:05,12/6/2018 18:11,72334,2,20,4,1,8,5,,2,6,2,6,1,,1,,5,4,2,6,7,2,5,2,7,7,5,8,5,2,3,6,5,7,7,4,7,3,5,3,8,3,3,7,3,5,7,8,7,5,6,5,6,3,4,5,4,8,3,9,8,5,7,2,1,9,2,1,1,1,5,6,2,6,7,3,5,5,3,2,6,80,80,80,13,5,2,2,9,9,11,11,6,9,6,9,8,9,College student political survey,4,24,190,2,55,54,10.59888523
12/6/2018 21:47,12/6/2018 22:04,1043,1,19,1,4,7,1,,6,2,6,2,2,,2,,5,2,2,-1,1,8,3,8,2,2,8,3,7,6,2,2,1,9,2,2,7,3,9,9,9,2,2,2,8,8,7,7,4,3,3,4,4,5,5,3,6,8,3,9,9,8,1,2,3,2,1,2,1,1,6,2,7,6,4,6,4,7,7,3,5,0,0,0,1,1,1,2,1,2,2,2,2,1,1,1,3,4,how does religion affect political beliefs?,3,8,105,0,11,13,-7.179739831
12/6/2018 22:35,12/6/2018 23:55,4788,2,18,6,1,6,5,,4,4,5,5,3,,1,,5,4,2,1,4,8,3,7,5,3,7,5,3,7,2,3,1,8,3,5,1,5,8,6,7,1,2,7,3,4,5,5,7,6,8,6,1,4,5,5,5,8,3,9,4,5,3,2,3,4,1,2,1,2,4,4,5,6,2,7,4,5,6,4,6,49,47,53,1,1,1,1,5,7,1,1,1,1,1,11,1,5,,1,16,153,1,11,27,-2.827120819
12/7/2018 2:25,12/7/2018 2:34,554,2,19,6,3,7,5,,5,2,6,1,3,,2,,5,5,2,6,6,6,4,6,6,5,6,6,7,5,5,5,4,6,6,5,6,5,6,5,8,5,5,5,7,4,6,5,6,6,3,6,4,5,5,4,5,8,3,9,6,8,2,,3,1,1,2,1,1,5,3,5,6,6,5,3,7,5,1,6,40,40,40,12,4,6,6,3,3,6,6,6,6,1,11,6,6,,1,8,165,0,40,42,0.8077733215
4/17/2019 12:35,4/17/2019 12:50,898,1,20,6,12,7,6,,1,3,3,6,4,I do not consider myself any of these because I have morals and agreements that align with both.,1,,5,4,2,0,1,5,5,5,5,5,5,5,5,5,5,5,4,5,5,5,5,5,5,5,8,5,5,5,5,5,5,5,5,5,5,5,5,5,5,5,5,6,3,7,6,6,5,2,5,5,2,2,2,1,4,5,3,7,4,5,3,5,3,1,5,50,50,50,13,5,1,1,7,6,8,9,7,6,3,3,5,5,How do people's religious/morals line up with their political views?,4,21,176,2,44,35,1.200141614
4/17/2019 12:55,4/17/2019 13:04,505,2,22,3,1,7,5,,1,7,1,7,3,,3,,5,7,2,8,6,6,3,7,9,3,7,9,6,1,1,4,3,1,6,9,1,9,1,9,8,7,9,9,1,7,4,9,6,5,1,5,1,4,6,1,2,8,7,9,7,5,4,2,,5,2,1,2,2,6,5,2,2,4,6,6,7,2,1,6,61,61,62,13,5,1,11,6,11,11,11,1,11,5,5,8,11,Polticial Stance,2,28,180,4,45,65,7.422432472
4/17/2019 14:12,4/17/2019 14:47,2119,1,21,6,7,7,6,,4,6,2,6,2,,1,,5,2,2,4,4,2,5,3,7,5,3,5,6,1,6,6,6,4,5,5,2,5,7,5,8,6,6,8,4,5,5,5,5,3,6,5,5,2,5,6,5,8,3,9,5,5,2,2,3,5,1,2,2,1,4,2,4,4,5,6,4,4,6,5,4,63,59,61,13,5,6,5,5,5,4,4,5,4,5,5,5,5,,1,22,207,1,43,33,-0.9103716025
4/18/2019 12:12,4/18/2019 12:30,1071,2,20,1,1,7,5,,6,2,6,2,2,,1,,5,2,2,-5,-4,6,7,7,7,7,8,8,7,3,6,6,3,7,4,2,3,6,8,6,8,7,3,7,5,4,4,6,6,6,4,3,4,6,7,4,3,8,3,9,3,3,4,,3,5,1,2,1,1,5,5,6,7,3,6,5,4,5,2,5,60,65,52,2,3,7,4,4,3,7,6,1,1,4,9,6,6,What are students general opinions on politics/important issues?,4,8,162,0,31,32,3.357737951
4/18/2019 22:42,4/18/2019 22:51,545,1,18,6,10,7,1,,6,1,7,2,2,,1,,5,3,2,3,4,7,2,8,1,3,9,9,8,4,2,2,1,8,3,2,5,6,7,5,8,1,2,5,7,5,5,5,2,8,3,3,2,4,6,5,8,8,3,9,,7,4,2,6,2,1,2,1,1,4,2,7,7,3,7,2,5,7,6,5,15,10,20,1,1,2,1,1,1,1,1,1,1,1,1,1,1,political views and general knowledge,2,6,109,0,8,7,-10.70807854
4/19/2019 12:18,4/19/2019 12:49,1861,1,19,6,11,7,11,Orthodox Christian,6,4,5,2,2,,1,,5,3,2,0,0,8,1,8,4,5,5,7,4,2,3,3,1,6,1,1,5,5,9,8,9,7,3,2,5,7,5,9,5,6,5,2,3,4,7,1,8,8,3,9,5,9,1,2,1,3,1,2,2,2,7,5,7,6,4,6,2,7,7,4,6,25,0,10,1,1,2,1,4,5,1,1,1,1,1,1,1,1,Do religious affiliations correlate with political stances?,2,11,120,2,11,11,-4.262248862
4/19/2019 14:16,4/19/2019 14:37,1260,1,18,6,7,5,6,,4,4,3,4,2,,1,,5,3,2,1,0,3,2,5,5,4,5,4,5,3,5,5,2,6,4,5,3,5,5,5,7,3,3,6,5,5,5,5,5,4,5,5,5,5,5,4,5,8,3,9,7,8,2,2,3,4,2,1,1,1,4,2,4,6,3,5,4,4,6,4,4,20,21,26,3,4,5,4,2,4,3,3,2,3,3,4,5,5,what is the household income?,2,17,173,2,23,27,-6.5056698
4/20/2019 16:27,4/20/2019 17:03,2200,1,20,1,5,7,5,,3,7,7,7,2,,3,,5,6,2,0,1,6,1,7,8,4,7,4,4,2,4,1,1,6,6,8,3,6,2,7,8,6,7,9,2,2,6,6,3,3,1,3,1,7,3,1,6,8,3,9,2,2,1,2,,,2,1,2,2,5,7,7,4,2,6,4,7,5,1,7,30,30,21,1,1,1,1,5,5,1,1,1,1,1,1,2,2,,1,20,171,4,12,12,2.124695509
4/21/2019 21:28,4/21/2019 21:42,796,2,20,6,11,7,6,,7,2,6,2,2,,1,,5,3,2,-1,-4,2,2,5,7,5,8,2,5,2,3,3,2,5,2,2,5,6,7,4,9,5,6,6,6,2,7,4,5,2,5,5,5,5,6,5,3,8,3,9,7,5,4,,3,5,1,2,1,1,4,4,5,7,4,5,6,5,6,2,4,50,25,35,13,4,6,7,5,4,7,8,4,3,2,5,6,5,How do liberal and conservative views contradict when it come to controversial issues?,2,7,179,0,43,36,-1.162277205
4/22/2019 14:05,4/22/2019 17:51,13576,1,20,6,11,7,6,,5,4,3,2,2,,1,,5,2,2,4,5,6,3,3,9,8,6,2,5,2,4,5,8,8,6,6,3,6,8,2,8,6,8,8,6,4,6,6,5,2,6,6,3,5,4,2,4,8,3,9,7,9,9,,7,5,2,1,2,1,5,6,4,5,6,6,6,5,6,3,4,100,100,100,15,5,9,8,8,6,7,7,8,6,6,5,7,5,What are our thoughts on living in the U.S. and what things we as citizens do not agree with.,4,14,201,3,60,42,8.670258667
4/23/2019 15:49,4/23/2019 16:07,1104,1,20,1,11,7,6,,5,3,5,2,2,,1,,5,2,2,-3,0,6,3,5,5,4,7,5,6,4,4,6,2,9,2,1,8,2,9,5,8,2,3,4,6,6,5,6,5,5,4,6,1,6,5,3,6,8,3,9,9,8,7,2,2,2,2,2,1,1,6,3,6,5,4,5,3,4,7,3,5,20,10,41,1,1,2,2,1,1,2,2,1,1,1,1,3,3,"What is the correlation between religion, values, and politics? Christian = Rigid & Republican (typically)",3,11,130,1,11,11,-1.638324849
4/23/2019 21:57,4/23/2019 22:43,2707,1,22,6,4,7,5,,6,2,6,1,2,,6,Black & White,5,1,2,4,2,3,1,9,6,3,6,9,8,2,3,1,1,5,1,2,6,2,7,3,9,2,1,4,7,5,3,6,3,6,1,1,2,4,2,2,4,8,3,9,7,6,1,2,,3,2,2,2,1,6,2,5,6,2,5,2,7,7,5,7,25,25,50,1,3,4,1,4,2,1,4,3,5,1,8,5,7,Correlate beliefs and thinking to Social Group think based on religious affiliation,2,7,118,2,19,30,-5.912345555
4/24/2019 13:55,4/24/2019 14:00,258,2,21,6,12,9,1,,3,3,3,2,1,,1,,5,3,2,3,4,8,3,6,3,4,5,7,6,5,7,4,5,5,6,7,5,3,6,5,3,5,7,9,2,7,4,6,5,5,5,5,7,8,7,8,6,3,3,7,6,5,6,6,5,7,2,2,2,1,7,4,3,5,6,6,6,6,5,3,2,65,66,51,14,5,5,7,2,8,7,5,4,9,7,5,7,5,,4,15,175,2,46,44,2.307025481
4/25/2019 2:17,4/25/2019 2:27,639,2,19,6,1,7,2,,7,6,5,1,4,"none, still learning",1,,1,1,2,1,0,5,5,5,5,1,5,5,5,4,5,5,5,9,1,1,9,5,5,6,5,5,1,5,5,3,6,5,5,5,5,1,5,1,5,6,5,8,7,5,6,4,4,2,7,7,1,2,2,1,,6,2,7,4,4,4,4,4,4,4,50,100,40,13,5,1,5,5,5,11,11,5,5,5,5,5,5,Does religion or political values play a part in a persons personality?,3,11,160,1,45,41,
11/6/2019 16:51,11/6/2019 17:04,790,3,21,6,6,7,2,,5,1,7,5,2,,1,,5,1,2,3,0,8,1,9,1,3,9,9,9,4,2,3,1,8,1,1,9,1,9,7,9,1,1,1,7,6,1,7,1,9,1,5,1,8,9,1,9,8,3,9,8,7,1,2,7,,1,2,1,1,2,1,7,7,1,7,1,7,7,3,3,5,0,11,1,1,1,1,1,1,1,1,1,1,1,6,1,1,How does you religious affiliation affect your political views and your perception of truth?,5,10,62,0,7,12,-16.43450469
11/6/2019 21:28,11/6/2019 21:45,1000,1,19,4,11,7,11,not atheist but not affiliated with any particular religion,7,1,7,1,2,,1,,5,1,2,3,4,8,4,8,6,3,9,9,7,4,2,5,4,9,2,1,9,1,9,9,9,3,1,1,9,9,6,9,4,9,2,5,3,6,8,1,4,8,3,9,,9,1,2,5,1,1,2,1,2,6,2,7,7,6,7,5,7,7,2,2,30,9,9,3,1,1,3,1,1,1,1,1,1,1,2,5,5,do you think the government is acting in a just manner?,3,4,90,1,13,14,-6.240568554
11/7/2019 20:30,11/7/2019 21:28,3440,1,20,6,9,7,7,,2,6,1,6,1,,1,,5,7,2,-2,0,4,4,6,6,7,7,4,7,3,4,4,3,7,4,5,5,6,5,6,5,3,3,6,2,6,3,6,3,6,2,3,2,6,6,3,4,8,3,9,7,6,5,2,3,7,2,1,2,1,5,5,5,3,5,5,5,5,5,2,6,70,60,80,14,6,5,5,7,8,7,7,6,5,6,5,6,6,How does political and/or religious material affect a person's beliefs and/or decisions?,3,25,156,3,51,42,8.507994122
11/8/2019 12:04,11/8/2019 12:17,791,1,18,6,8,6,7,,1,7,1,7,1,,1,,5,4,2,2,4,6,3,6,3,5,6,6,5,3,6,6,4,7,4,6,2,3,5,6,8,3,3,6,3,4,4,6,5,7,4,6,8,6,5,2,5,8,3,1,8,5,5,2,5,4,1,2,1,1,5,6,4,5,4,5,4,6,4,2,6,51,30,70,13,5,4,4,4,3,6,6,5,5,4,4,5,5,How does religious background relate to individual political affiliation?,4,28,165,0,41,32,3.772161799
11/10/2019 12:15,11/10/2019 12:43,1689,1,20,6,6,7,6,,5,5,3,6,1,,1,,1,2,2,5,5,7,5,7,8,6,6,3,5,3,6,7,4,6,3,2,6,4,8,3,9,3,6,7,5,6,6,7,6,1,6,6,4,4,8,7,2,8,3,9,2,5,2,2,2,2,2,1,2,2,6,3,6,3,6,3,5,6,6,5,5,23,33,30,2,2,3,2,3,3,3,2,4,3,2,3,3,2,how do you feel about todays poltics,2,19,180,4,20,17,1.899402518
11/12/2019 10:18,11/12/2019 10:39,1254,2,22,6,11,7,5,,6,2,6,2,1,,1,,5,4,2,-1,-4,3,4,5,6,6,4,3,4,2,6,6,6,6,4,5,2,3,8,3,6,6,6,6,3,4,7,3,6,3,2,5,5,2,3,5,4,8,3,9,6,4,7,,5,6,1,1,2,1,3,6,5,3,3,3,4,3,5,2,4,65,75,60,15,5,2,3,8,6,4,5,2,4,5,6,7,6,Does the opinions of an individual reflect how strongly they agree or feel for their beliefs?,3,8,206,2,43,35,6.780845931
11/12/2019 13:58,11/12/2019 14:09,663,1,21,6,5,7,6,,4,4,2,4,1,,1,,5,5,2,3,-2,2,5,3,6,6,5,2,3,1,5,6,5,6,6,4,2,3,4,2,8,2,6,8,5,4,5,3,5,6,1,6,2,4,4,6,5,8,3,9,6,5,8,,3,1,1,2,2,1,4,5,7,6,4,5,3,4,6,3,4,44,33,45,13,5,11,11,8,8,8,8,7,7,2,2,5,5,Opinions on america/world,2,18,198,1,54,46,-0.09584903348
11/12/2019 21:01,11/12/2019 21:20,1108,1,18,6,9,5,5,,4,6,2,5,2,,1,,5,5,2,3,5,4,7,8,8,5,5,6,4,2,7,6,6,5,4,1,2,7,4,3,5,5,5,7,5,4,7,4,7,2,6,6,7,2,1,8,5,8,3,9,9,1,10,2,2,7,2,2,1,2,4,3,5,6,3,5,1,4,7,4,5,29,39,14,1,2,11,10,1,1,1,1,1,1,1,1,7,7,Political versus religion beliefs,3,21,218,2,23,23,-6.279045448
11/18/2019 17:09,11/18/2019 17:27,1058,1,19,1,7,7,5,,7,1,7,1,3,,1,,5,5,2,3,6,3,4,4,3,5,7,1,1,2,6,3,4,4,7,1,5,8,4,5,7,7,3,6,3,8,2,8,4,6,5,4,5,4,6,2,3,8,3,9,1,5,7,2,1,10,1,2,2,1,5,6,1,7,7,4,6,6,7,2,6,68,28,75,13,5,8,3,9,8,11,10,11,9,7,4,10,9,how closely are religious beliefs affiliated with political beliefs/ amount of republican college students,4,4,178,1,69,48,3.676335076
11/25/2019 12:00,11/25/2019 12:25,1546,1,20,6,10,7,5,,2,6,1,7,2,,3,,5,4,2,5,1,1,3,6,3,3,4,4,5,5,3,3,3,5,5,4,5,3,7,2,7,6,5,6,2,8,6,4,4,6,2,4,4,3,3,5,3,8,3,1,5,6,5,2,1,3,1,2,1,1,6,3,7,7,2,6,6,5,7,1,4,19,34,58,3,3,4,4,2,5,1,3,3,3,1,1,2,6,n/a,,26,172,0,16,25,-1.038410216
11/25/2019 19:42,11/25/2019 20:03,1251,1,18,6,6,6,2,,4,4,7,4,3,,1,,5,1,2,3,6,9,2,7,3,5,9,9,9,3,1,3,1,9,3,1,9,3,9,6,9,1,5,6,9,6,5,7,5,6,7,4,2,4,8,2,2,8,3,9,4,5,3,2,2,7,1,2,2,1,5,3,7,7,3,4,6,7,7,2,5,39,25,50,1,6,3,1,1,1,4,4,1,2,1,1,3,2,How does high school division affect college performance?,2,13,109,1,14,17,-0.7634686586
12/2/2019 13:17,12/2/2019 13:43,1555,2,19,6,5,5,1,,4,6,3,2,2,,1,,5,2,2,4,2,6,2,7,2,2,8,6,7,3,2,3,1,7,2,1,8,4,9,5,8,3,6,7,4,6,8,5,3,3,2,5,2,3,9,6,2,8,3,9,6,5,4,2,5,3,1,2,1,1,4,2,6,7,4,5,7,6,7,1,5,50,40,40,12,2,4,5,3,2,7,6,5,8,7,1,4,6,Political Affiliations per person,3,17,135,0,42,30,-0.3158629424
12/4/2019 13:56,12/4/2019 14:11,911,2,19,6,12,6,5,,3,6,1,7,1,,1,,5,4,2,0,-1,6,6,6,9,6,5,7,5,2,6,7,2,7,5,6,4,6,4,1,7,6,2,7,1,5,6,7,5,4,6,4,3,4,5,3,2,8,3,9,7,7,5,2,,4,1,1,1,1,5,2,1,6,4,4,6,5,7,1,3,65,65,65,3,3,5,5,4,3,6,4,5,5,1,1,5,5,How different backgrounds can impact opinions on real world problems.,2,25,193,1,29,26,0.1708495636
12/4/2019 21:43,12/4/2019 22:31,2898,2,18,6,12,6,5,,3,3,2,4,1,,1,,5,4,2,5,6,7,3,7,3,3,9,6,7,3,2,7,1,8,3,2,7,1,9,8,9,2,2,7,3,6,7,6,6,4,6,2,2,3,7,4,9,8,3,9,8,6,6,2,1,6,1,2,1,1,3,3,6,6,5,5,1,6,7,2,6,60,31,92,12,7,11,9,5,7,8,7,4,3,7,10,7,8,,1,18,125,0,54,51,-0.5291828962
11/28/2018 16:25,11/30/2018 2:35,123042,1,18,6,3,6,5,,5,3,5,3,1,,1,,5,5,1,6,6,2,4,3,4,7,7,5,3,3,7,7,6,7,4,5,4,7,9,4,9,7,7,7,5,3,5,6,6,3,8,6,2,4,3,4,7,8,3,9,8,7,3,2,4,7,1,2,1,1,5,5,7,7,4,7,4,5,7,3,5,30,8,44,3,3,9,9,7,7,6,6,5,5,6,6,7,7,What differences do religous groups have in terms of thoughts on American law enforcement?,4,12,196,0,43,43,-2.94693481
11/30/2018 9:37,11/30/2018 9:46,560,1,18,6,3,6,2,,1,1,7,1,3,,4,,5,4,1,-1,-6,9,1,9,1,1,9,9,9,9,1,1,1,9,1,1,9,1,9,9,9,1,1,5,9,9,1,9,1,9,1,1,1,1,8,1,9,8,3,9,10,10,1,2,,,1,2,1,1,7,1,7,7,4,7,3,7,7,5,1,20,,50,1,1,1,1,1,1,1,1,1,1,1,1,1,1,How does the government influence people?,3,10,49,0,7,7,
12/5/2018 16:09,12/5/2018 16:13,262,1,20,1,1,7,5,,5,5,2,5,2,,1,,5,5,1,-2,1,6,5,7,7,7,5,6,7,6,5,7,6,7,9,7,6,5,4,5,6,7,5,5,4,7,8,5,5,3,6,5,6,5,8,4,7,8,5,6,7,6,,,5,7,2,1,1,2,4,4,4,7,6,6,6,6,6,6,6,73,66,85,1,1,1,1,2,2,3,2,3,2,3,2,3,2,What are your thoughts about politics?,2,19,185,3,16,12,1.259363205
12/5/2018 19:21,12/5/2018 19:27,355,2,22,4,6,7,2,,5,4,5,2,3,,1,,5,1,1,5,5,6,4,6,4,2,8,8,3,3,3,4,1,5,2,1,6,2,8,8,5,1,2,4,9,5,2,5,3,6,1,4,2,3,5,3,5,8,3,9,7,5,4,2,2,6,1,1,1,1,4,5,6,6,3,4,3,5,5,3,3,41,33,57,1,1,1,1,1,1,1,1,1,1,1,1,1,1,how religious individuals see problems in society,4,12,121,1,7,7,-0.9701573233
12/5/2018 19:47,12/5/2018 20:04,1049,1,18,2,2,5,5,,1,1,1,1,2,,3,,5,4,1,1,0,9,5,8,8,5,8,6,9,8,6,9,9,8,9,9,8,5,8,9,4,8,8,8,8,9,6,6,8,8,9,8,5,4,9,5,6,9,9,2,7,4,7,4,4,2,2,2,2,2,5,4,5,4,6,6,4,3,6,4,7,17,62,11,1,5,6,5,1,1,5,3,5,7,8,4,5,2,,1,16,175,3,31,27,1.886860419
12/5/2018 23:36,12/5/2018 23:57,1227,1,19,6,1,6,6,,4,5,2,5,3,,1,,5,4,1,5,1,4,6,5,5,4,4,6,4,2,4,5,4,7,3,6,5,5,3,4,9,6,6,6,4,5,6,5,7,3,8,6,3,2,1,5,5,8,3,9,1,7,7,3,3,3,2,2,2,1,4,4,6,4,4,4,3,5,2,3,5,5,16,13,13,3,3,1,1,3,5,4,5,5,1,4,2,2,What are college students moral beliefs,2,20,197,2,30,22,-0.5194286366
12/6/2018 0:03,12/6/2018 0:09,354,1,21,6,1,7,5,,1,3,2,3,2,,3,,5,4,1,-1,-1,5,5,5,5,5,5,5,5,5,5,5,5,5,5,4,5,5,6,5,5,5,5,4,5,5,5,5,5,5,5,5,5,5,4,5,6,8,3,9,5,5,5,,5,5,2,1,2,1,4,4,2,3,5,3,2,3,6,4,4,55,51,52,1,1,1,1,1,1,1,1,1,1,1,1,1,1,"Do people follow the ""rules"" of their religion or do they deviate",3,19,177,3,7,7,1.190158014
12/6/2018 18:01,12/6/2018 18:10,511,2,22,4,4,7,2,,2,2,6,2,3,,1,,5,1,1,0,0,6,4,6,4,4,6,8,7,4,3,3,1,6,3,1,7,3,7,7,5,2,4,4,9,5,4,5,4,5,3,1,3,5,5,3,7,8,3,9,7,7,6,2,4,7,1,1,1,1,4,5,6,6,2,4,5,6,5,2,2,44,40,55,1,1,1,1,1,1,1,1,1,1,1,1,1,1,How do religious peoples views change over political questions?,4,12,124,1,7,7,-0.815031491
4/25/2019 15:49,4/25/2019 16:04,901,1,20,6,2,7,6,,6,2,6,2,2,,1,,5,2,1,-1,-5,5,2,4,3,4,6,5,4,5,3,6,4,4,4,1,5,5,7,3,9,4,3,6,6,7,4,8,3,5,3,3,2,5,6,2,5,8,7,9,2,9,1,2,,,1,2,2,1,6,3,7,7,6,6,2,5,7,3,4,45,40,51,3,2,2,2,2,2,3,2,,,3,2,2,1,How personality and political/religious beliefs affect decisions?,3,8,143,1,,,-1.140977266
11/11/2019 17:49,11/11/2019 17:58,508,2,21,6,3,7,5,,6,2,6,2,3,,5,,5,3,1,2,1,5,4,6,5,3,5,6,5,3,3,5,3,6,4,5,4,4,7,5,5,3,6,5,5,4,4,5,6,6,6,4,5,4,6,4,6,8,3,9,6,4,6,2,3,5,2,2,2,2,5,3,5,5,4,5,3,6,4,3,4,70,75,75,12,4,4,4,4,3,3,4,3,4,3,4,3,4,,1,8,166,3,32,27,2.612485898
12/4/2019 22:32,12/4/2019 22:42,594,2,18,6,1,6,5,,4,5,3,5,1,,1,,5,4,1,5,8,8,3,8,3,4,8,6,7,6,4,3,3,8,3,1,7,3,9,6,9,3,3,6,6,5,4,7,3,7,3,2,3,8,4,3,9,8,3,9,9,1,8,2,3,6,1,2,1,1,5,5,6,6,5,6,1,6,7,2,5,49,30,71,14,4,8,11,7,8,7,7,3,2,4,3,7,7,,1,19,109,0,50,42,-0.5549153919
10/29/2018 14:36,10/29/2018 15:10,2063,1,18,6,2,5,6,,5,5,3,5,1,,4,,5,2,1,4,3,3,8,7,7,8,7,4,6,3,7,7,5,6,5,4,4,6,6,5,8,7,8,7,3,4,7,4,8,2,6,6,7,3,3,7,6,8,7,9,8,6,5,2,8,8,2,2,1,1,3,3,5,4,3,5,2,3,3,5,4,60,60,57,12,5,8,8,7,6,5,6,7,8,5,4,6,6,,1,18,216,1,50,43,0.008692908256
10/29/2018 14:52,10/29/2018 15:11,1180,2,22,1,3,6,2,,6,2,1,1,2,,1,,5,3,1,-1,-2,5,3,6,4,4,8,9,5,3,3,3,2,5,1,1,5,3,8,7,9,3,3,4,8,7,5,8,4,3,4,3,5,5,3,3,7,8,3,9,7,4,1,2,,6,1,2,2,1,6,2,7,7,2,6,3,7,7,2,7,25,31,17,1,1,2,4,1,2,3,4,3,2,4,6,3,3,What political party are you apart of?,4,12,127,1,17,22,-4.597797622
10/29/2018 17:49,10/29/2018 18:16,1591,1,,6,11,6,5,,1,7,1,7,2,,1,,5,4,1,-2,1,6,3,6,3,3,8,6,8,4,3,5,1,7,4,4,4,7,3,6,9,6,3,9,1,6,6,4,5,8,1,3,1,4,6,4,8,8,3,9,7,5,4,2,5,2,2,2,1,1,5,2,6,7,3,6,1,6,7,1,7,38,24,24,3,2,6,6,3,1,7,8,4,7,3,3,3,4,How does one's moral guidelines change based on wording and other information about political or religious affairs.,3,28,147,1,29,31,-4.583651435
10/29/2018 23:50,10/30/2018 0:11,1307,1,19,6,2,9,5,,3,4,2,3,2,,5,,5,6,1,2,3,8,1,7,2,1,7,6,6,7,3,1,1,5,1,2,4,3,7,7,9,2,5,6,3,9,4,6,3,5,4,7,2,3,5,3,5,9,3,9,7,6,1,,2,,2,2,1,1,7,3,6,7,1,6,4,6,7,4,7,19,9,25,2,1,3,2,1,1,3,1,1,1,1,1,4,4,,1,18,122,1,15,11,-5.314850977
10/30/2018 4:10,10/30/2018 4:34,1414,2,22,6,2,7,5,,7,1,5,2,2,,1,,5,2,1,-3,-4,7,2,7,4,2,8,5,7,2,1,3,2,7,1,2,9,5,8,8,9,3,4,2,4,6,4,7,4,5,2,3,3,6,8,4,8,8,3,9,8,6,3,2,3,2,1,2,2,1,7,3,7,7,2,7,4,5,6,7,5,10,1,1,1,1,4,1,1,1,1,1,1,1,1,2,3,1,What are Christians' views on politics and moral values?,3,7,110,1,12,8,-8.681382628
10/31/2018 18:10,10/31/2018 18:32,1274,1,18,3,3,6,1,,7,1,7,1,2,,1,,5,3,1,0,-8,4,3,6,4,3,9,4,4,4,4,6,3,8,1,1,9,6,8,7,9,7,3,5,7,6,4,5,5,6,4,7,3,5,5,4,7,8,3,9,8,6,1,2,5,4,1,2,2,1,3,4,7,7,2,6,3,5,7,1,6,15,0,26,1,1,1,1,2,3,11,11,1,1,1,7,4,3,People's religious beliefs based on their political beliefs,3,4,140,1,21,27,-5.68734321
11/1/2018 15:57,11/1/2018 16:23,1529,2,19,1,12,7,6,,2,2,4,3,1,,1,,5,2,1,-5,2,6,2,6,8,7,8,2,2,2,8,6,8,8,8,5,3,3,8,2,7,8,7,7,4,4,8,9,8,3,6,9,7,2,5,1,3,8,3,9,6,3,6,2,3,10,2,2,2,2,4,6,2,6,4,7,6,6,6,6,6,81,61,100,13,9,8,1,8,4,11,5,9,10,1,6,9,7,How do views/beliefs affect political party,4,15,212,3,59,42,0.6979302885
11/1/2018 18:22,11/1/2018 18:49,1618,1,18,1,1,6,6,,7,2,5,3,2,,1,,5,4,1,6,5,6,2,7,2,4,8,5,7,2,3,4,2,7,2,1,8,4,9,5,9,2,2,5,7,5,3,2,3,7,6,6,4,2,8,7,6,8,3,9,2,9,6,2,5,4,1,2,1,1,5,5,7,6,4,3,3,7,6,2,3,16,31,10,1,1,3,3,2,3,4,5,1,1,5,5,5,5,What are the political and moral beliefs of college students?,4,9,132,0,21,23,-2.409681309
11/1/2018 19:39,11/1/2018 20:06,1637,1,26,6,12,7,1,,5,5,3,1,4,Libertarian,6,Lebanese (Middle Eastern),5,3,1,-3,8,9,1,9,1,1,9,9,7,6,1,1,1,9,1,1,9,1,9,8,9,2,1,1,9,5,8,5,1,5,2,1,1,5,8,1,9,8,3,9,7,7,2,,5,,1,2,1,1,7,1,7,5,5,4,1,7,7,1,1,5,,74,1,2,1,1,1,1,4,9,1,1,2,1,1,1,Do Authoritarians Have Extremist Belief Systems?,3,14,68,0,11,16,
11/3/2018 21:49,11/3/2018 22:03,854,1,19,6,1,7,2,,6,4,4,2,2,,1,,5,1,1,3,3,4,4,5,6,4,7,4,4,4,4,4,4,5,5,2,7,4,8,5,9,3,6,5,7,6,6,5,5,6,4,6,4,5,7,5,7,8,3,1,6,8,,2,1,,1,2,2,1,5,2,6,7,2,6,5,6,7,2,5,20,20,20,12,4,7,7,4,4,4,4,4,4,4,4,4,4,How does family environment and values effect the values of you now?,2,12,156,1,39,31,-6.079874159
11/4/2018 21:18,11/4/2018 21:33,885,2,23,6,1,7,5,,2,6,2,4,1,,1,,5,1,1,0,0,5,5,6,5,5,5,5,5,4,5,5,4,5,5,5,5,5,5,7,5,5,5,6,5,6,5,5,5,5,5,5,5,5,4,5,5,8,3,9,10,2,9,2,,,1,1,2,1,4,4,2,4,4,4,4,4,2,4,4,100,100,100,19,11,11,11,11,11,11,11,1,1,11,11,11,11,political views,3,22,178,2,75,67,7.571850619
11/6/2018 10:05,11/6/2018 10:20,896,1,22,6,1,7,1,,1,1,1,1,3,,1,,5,4,1,0,-3,4,2,7,4,4,5,2,3,4,4,6,3,6,4,1,7,5,9,5,6,7,5,7,7,4,6,4,6,6,5,6,3,2,5,3,8,8,3,9,6,5,5,2,3,6,2,2,1,1,4,6,5,3,5,5,6,6,7,1,5,50,20,80,12,1,6,5,8,7,8,8,5,5,6,6,8,7,How are political views connected to the views of Trump tweets.,2,16,167,1,53,39,4.737357565
11/6/2018 17:44,11/6/2018 18:09,1532,1,19,6,9,8,1,,6,4,6,2,2,,2,,5,3,1,6,5,5,3,4,6,6,8,5,6,3,6,4,3,7,2,1,8,3,9,6,9,4,2,5,7,6,7,4,5,3,6,3,4,3,7,4,9,8,3,9,6,9,6,2,,,1,2,2,1,6,4,6,7,4,5,5,7,7,1,4,0,,40,1,1,1,1,1,1,1,1,1,1,1,1,1,1,What are your political affiliations?,5,10,145,1,7,7,
11/7/2018 11:26,11/7/2018 11:47,1283,1,18,6,2,6,5,,5,4,4,4,2,,1,,5,2,1,-2,-2,6,4,7,7,4,7,6,5,3,4,3,3,6,1,2,5,4,9,7,9,2,3,5,7,5,4,3,4,6,3,6,3,5,3,3,6,8,3,9,7,9,2,2,3,5,2,2,1,1,6,2,7,6,3,5,4,7,7,5,7,15,0,20,1,1,3,3,1,2,1,1,1,1,1,1,3,3,,1,15,140,1,11,12,-5.569427409
11/7/2018 23:41,11/7/2018 23:53,691,2,19,1,1,7,5,,3,1,2,2,4,none i'm not into politics,1,,5,3,1,7,6,6,8,9,2,3,5,7,5,2,7,5,3,3,8,3,5,3,8,3,8,6,6,7,7,5,5,6,4,2,4,2,3,8,7,7,2,8,3,9,8,5,6,2,5,5,2,1,2,1,3,2,4,1,5,4,7,5,6,5,4,38,77,22,13,8,11,11,2,3,9,7,9,7,6,7,4,3,Sexual harrasment,2,14,168,3,54,46,0.786510297
11/9/2018 0:47,11/9/2018 1:09,1332,2,20,6,9,7,1,,4,4,4,4,2,,1,,5,5,1,5,4,9,1,7,1,3,9,7,9,7,2,2,1,8,1,1,7,1,9,9,1,1,2,1,9,9,3,8,2,7,1,8,1,5,9,2,9,8,3,9,6,9,3,2,1,3,1,2,2,1,7,2,6,6,1,6,1,7,7,1,3,,,50,1,1,1,1,1,1,3,4,1,1,1,8,1,1,How liberal/ conservative are CMU students?,5,16,76,1,9,17,
11/12/2018 14:06,11/12/2018 14:35,1714,1,21,6,10,7,5,,2,6,2,6,2,,1,,5,2,1,0,-2,7,4,4,2,2,7,5,6,2,3,4,2,6,2,2,5,3,5,3,9,3,2,7,3,5,4,4,4,4,2,4,2,5,4,2,5,8,3,1,3,8,5,2,5,3,1,2,1,1,3,2,6,7,2,6,4,5,6,5,7,24,8,37,12,4,3,3,2,2,2,2,1,1,4,4,5,5,how do religious identities influence political beliefs and respect of authority?,3,24,145,0,29,21,-7.190480188
11/13/2018 17:29,11/13/2018 18:38,4125,1,19,6,9,7,11,,3,4,6,2,4,,1,,1,6,1,3,4,6,5,6,5,2,9,6,6,1,3,4,1,7,7,1,5,3,4,6,8,9,2,7,6,2,6,5,6,1,7,4,3,4,4,5,1,8,3,9,6,2,8,2,1,4,1,2,2,1,7,3,4,1,4,2,6,5,1,2,4,61,73,48,14,5,1,7,6,6,5,7,6,8,5,6,5,6,,3,13,173,1,42,45,11.40476834
11/14/2018 14:11,11/14/2018 14:29,1115,2,21,6,8,7,2,,6,2,6,2,2,,1,,5,5,1,-6,-6,5,3,7,3,7,9,6,3,2,3,2,2,8,2,1,5,5,8,4,9,1,7,5,8,7,6,7,5,3,6,4,2,4,8,3,3,8,3,9,10,7,10,2,1,1,2,2,1,1,5,5,6,6,4,6,5,3,7,2,4,50,50,50,13,2,7,7,4,4,8,8,1,1,9,9,8,8,How certain types of material can challenge the way you think,3,8,141,1,50,39,2.308590509
11/14/2018 16:20,11/14/2018 16:43,1392,2,18,6,1,5,6,,5,5,3,5,3,,1,,5,2,1,5,2,2,6,6,5,7,5,7,4,3,4,6,7,6,5,3,3,6,8,4,8,3,4,6,6,4,7,4,8,3,7,3,3,2,3,6,4,8,7,9,5,6,7,2,4,7,1,2,2,1,5,6,2,5,4,4,6,5,1,3,5,81,81,81,15,7,7,7,10,9,6,6,7,7,5,5,6,6,peoples political views,5,18,194,1,56,47,9.090272767
11/14/2018 17:23,11/14/2018 17:53,1761,1,20,1,1,7,2,,7,1,7,1,2,,1,,5,2,1,-2,-8,6,2,6,9,7,6,9,7,1,4,3,7,8,3,1,7,2,9,6,9,1,1,6,9,7,6,9,6,9,3,7,4,2,7,2,6,8,3,9,2,3,1,2,10,2,1,1,2,2,5,2,2,7,4,7,1,7,7,2,4,50,91,31,13,7,9,9,4,5,11,10,6,4,10,9,5,4,,1,4,131,3,58,48,-7.100676364
11/14/2018 20:28,11/14/2018 21:02,2028,1,18,6,10,6,5,,5,2,6,2,2,,1,,5,3,1,2,0,5,2,7,8,6,8,7,7,4,6,2,2,8,6,1,5,1,9,4,9,2,1,5,4,3,7,6,5,1,5,5,3,3,3,2,7,8,3,1,10,5,10,,,10,1,2,2,1,6,1,4,7,4,7,7,5,7,1,1,,,,1,5,1,1,1,1,1,1,1,1,1,1,1,1,How young individual Identify politically,3,9,149,1,7,11,
11/15/2018 18:49,11/15/2018 19:05,944,1,18,6,8,6,6,,5,4,3,4,4,,1,,5,3,1,-1,-3,5,6,6,4,6,4,7,4,2,5,6,2,6,6,2,4,5,6,4,5,5,3,6,6,4,7,4,5,3,6,5,5,4,3,6,4,8,3,9,5,6,6,2,2,5,1,2,1,1,4,6,2,3,4,2,6,4,6,3,4,75,61,71,12,4,6,3,6,4,4,4,5,6,4,4,5,5,How does religion impact your political views?,2,16,189,0,42,30,6.745757039
11/18/2018 18:26,11/18/2018 18:37,653,1,18,6,12,6,6,,5,5,2,5,2,,1,,5,2,1,5,5,3,2,7,6,4,4,4,3,3,3,7,4,4,6,3,3,4,7,3,9,3,6,8,3,6,7,3,7,3,7,4,3,3,3,3,5,8,3,9,7,8,5,2,8,,2,2,1,1,5,2,6,6,2,6,6,6,6,2,6,30,30,0,1,1,1,1,1,1,1,1,1,1,1,1,1,1,What political beliefs do a majority of college kids have?,3,19,191,1,7,7,-3.616176072
11/20/2018 15:48,11/20/2018 16:19,1883,2,18,6,11,5,5,,4,5,4,5,1,,1,,5,1,1,0,1,4,7,3,8,6,4,4,3,2,5,7,6,8,5,5,5,7,7,4,7,6,6,9,3,5,5,6,6,6,7,4,4,3,2,5,5,8,3,9,4,5,5,2,5,1,2,1,2,2,3,6,1,5,4,5,4,5,6,5,6,100,50,50,13,5,11,11,9,9,7,7,6,6,5,5,5,5,political views,4,18,207,4,56,48,0.1222397003
11/20/2018 21:42,11/20/2018 22:03,1266,1,18,3,8,6,6,,5,6,2,4,1,,1,,5,4,1,1,-3,4,5,4,8,6,5,3,5,1,6,6,4,6,8,8,1,9,2,1,7,7,6,9,4,5,8,4,7,4,8,6,6,1,3,4,3,8,3,9,4,5,2,2,4,7,2,1,2,2,3,4,6,5,3,4,5,6,2,3,5,97,92,96,14,4,8,8,7,6,5,3,3,3,5,5,6,4,,1,19,238,4,48,33,7.934972952
11/21/2018 19:16,11/21/2018 19:39,1405,1,20,6,1,7,5,,2,6,2,6,2,,3,,5,1,1,-4,5,6,2,7,6,1,8,8,7,1,3,2,2,8,5,2,5,7,8,6,8,7,5,8,2,2,1,5,6,3,2,2,2,3,8,3,8,8,3,9,9,6,9,2,1,9,1,2,2,1,2,2,2,1,1,5,6,6,7,5,4,45,71,87,3,3,1,3,1,2,7,6,1,1,1,8,1,6,I did not understand the second portion of the trump tweets questions.,2,24,143,1,15,29,-3.480045818
11/27/2018 21:10,11/27/2018 21:30,1165,1,19,6,8,7,5,,2,5,2,5,2,,1,,5,3,1,6,5,7,1,6,4,3,6,7,7,4,3,3,2,9,1,1,5,1,9,7,9,1,1,6,6,6,3,8,5,4,2,2,2,4,6,2,3,8,3,9,8,7,,,3,6,2,2,2,1,5,2,7,7,1,5,5,7,7,3,4,40,30,30,1,1,3,2,2,2,1,1,1,1,1,1,2,2,How stupid is Donald Trump?,4,22,110,2,11,10,-5.772373261
11/28/2018 0:26,11/28/2018 0:53,1570,2,21,6,7,7,5,,4,6,5,4,1,,1,,5,1,1,6,6,7,3,7,2,1,9,9,4,2,1,7,1,9,2,3,1,5,9,5,9,5,7,5,3,2,5,5,3,2,6,5,2,5,8,2,5,8,3,9,10,5,8,2,3,7,1,1,1,2,4,7,1,4,6,4,7,4,7,5,4,70,60,80,14,6,8,8,8,8,6,6,4,4,11,11,8,8,What is your stance on social issues? A. Liberal B. Conservative,4,17,144,2,59,51,4.649146789
11/28/2018 10:36,11/28/2018 10:51,914,1,18,1,1,6,1,,7,1,4,1,2,,1,,5,5,1,-6,-8,9,3,7,4,5,9,9,7,3,6,1,1,9,1,1,9,1,9,6,9,1,1,5,9,5,7,1,6,2,5,5,2,1,5,5,5,8,3,9,7,7,4,2,5,6,1,2,1,1,7,4,7,7,1,7,7,7,7,2,7,10,13,22,1,1,1,1,1,1,6,8,1,1,1,1,1,1,how are kids in college different from their predecessors,2,7,126,0,12,14,-2.866537733
11/28/2018 15:37,11/28/2018 15:51,861,1,19,6,2,6,5,,7,1,7,4,2,,1,,5,3,1,0,0,5,4,4,5,4,9,6,6,1,4,6,4,9,1,1,3,1,9,7,9,1,1,7,9,6,7,5,5,6,7,6,3,2,3,2,6,8,3,9,5,10,1,2,5,,1,2,1,1,6,1,7,7,1,5,4,7,7,3,6,50,78,50,1,1,8,6,1,1,6,6,6,5,1,1,1,1,,1,7,144,0,24,21,-1.763873974
11/28/2018 16:27,11/28/2018 16:49,1273,2,19,6,11,6,1,,1,1,7,1,2,,1,,5,5,1,-4,-6,9,1,9,2,3,8,9,9,5,2,1,1,9,3,1,8,3,9,5,8,2,2,2,9,7,2,7,3,7,2,8,1,8,9,2,5,8,3,9,8,5,3,2,3,3,1,2,1,1,5,3,6,7,2,7,4,6,6,3,4,15,0,30,1,4,1,1,3,3,1,1,1,1,5,9,6,6,How is the current American political climate shaping today's youth?,2,10,81,0,18,25,-8.172192749
11/28/2018 18:23,11/28/2018 18:52,1733,1,25,6,1,9,5,,3,4,3,5,1,,6,"mixed (black, white, native)",5,3,1,-1,-1,5,4,5,3,6,8,5,4,2,3,2,2,9,4,5,8,2,8,6,9,3,6,7,4,8,2,8,2,6,4,5,2,5,7,2,3,8,3,9,9,7,9,2,2,8,1,2,1,1,5,6,5,1,7,3,5,3,6,1,4,65,40,75,3,3,8,8,8,6,9,8,5,5,11,8,7,6,Is there a relationship between religious belief and political views?,4,19,134,0,51,44,11.83291219
11/28/2018 18:47,11/28/2018 18:53,323,2,19,6,11,6,6,,4,4,4,4,2,,5,,5,3,1,6,0,6,6,5,7,4,6,4,4,5,5,8,6,5,6,4,5,3,3,6,6,6,5,7,8,7,6,7,2,8,4,6,4,7,7,3,2,5,4,6,8,7,6,8,6,5,1,2,1,1,3,2,6,3,5,5,5,4,5,4,6,71,45,62,16,7,5,8,7,4,6,5,7,8,7,7,5,4,,3,16,171,0,53,43,3.84868138
11/28/2018 19:25,11/28/2018 19:45,1211,2,18,6,1,6,11,not sure what I believe in,4,4,4,4,4,libertarian,1,,5,1,1,2,-2,4,4,6,6,7,5,3,5,1,4,6,4,6,4,1,5,4,9,5,9,4,4,6,6,7,7,6,5,3,6,3,4,4,4,4,3,8,3,9,7,4,,2,2,6,1,2,1,2,6,6,5,5,6,5,5,3,6,2,4,70,35,80,14,7,7,7,8,8,8,8,4,4,5,7,6,6,study of gender and age on political beliefs,2,16,172,1,52,47,7.645894666
11/29/2018 19:13,11/29/2018 19:42,1750,1,21,1,1,7,5,,5,4,2,2,2,,3,,5,2,1,0,-1,8,1,7,6,1,9,8,9,4,1,2,1,8,1,1,6,3,7,8,9,1,1,1,5,9,1,9,1,7,1,3,1,6,6,1,9,8,3,9,5,7,1,2,1,1,1,2,1,1,5,1,4,6,1,4,1,7,7,1,6,0,0,0,1,1,1,1,1,1,1,1,1,1,1,1,1,1,How do people feel about the political environment.,3,15,74,0,7,7,-10.21418465
11/29/2018 20:49,11/29/2018 21:16,1573,1,21,6,2,7,5,,2,7,2,7,2,,3,,5,3,1,-5,-5,2,2,7,4,3,7,8,3,1,2,2,3,8,5,7,6,9,5,2,8,9,9,8,5,8,2,8,2,7,5,5,2,8,1,2,9,8,3,9,5,7,3,2,1,5,2,2,2,1,5,2,6,7,4,6,2,4,3,1,6,51,51,52,1,1,1,1,1,1,1,1,1,1,,1,1,1,,1,26,158,2,,7,2.066864926
12/5/2018 9:22,12/5/2018 9:32,610,2,18,6,1,6,5,,6,5,5,5,4,,1,,5,2,1,-7,-5,7,3,5,3,2,7,4,7,4,3,6,2,8,3,3,2,4,5,5,6,3,3,6,6,5,5,5,6,5,5,3,4,5,5,4,4,8,3,9,5,4,4,2,3,2,1,2,1,1,4,5,6,6,4,7,4,4,6,4,7,48,52,46,1,1,3,1,8,9,6,6,2,1,7,11,5,5,,1,15,153,0,32,34,0.76882797
12/5/2018 10:55,12/5/2018 11:10,928,1,19,6,9,6,5,,2,6,1,7,3,,1,,5,2,1,-2,-5,5,7,6,7,7,7,1,2,2,7,4,2,7,5,3,5,7,5,5,9,7,5,7,5,3,6,7,6,3,5,6,5,7,3,3,5,8,3,9,7,6,7,2,4,5,1,1,2,1,5,4,6,6,4,6,6,4,6,2,6,50,40,75,3,4,7,5,3,4,4,3,3,4,5,3,5,5,Investigating political views and comparing result to Trump tweets.,2,26,192,2,30,28,4.169126767
12/5/2018 12:11,12/5/2018 12:30,1130,1,18,6,12,6,5,,3,5,1,5,1,,1,,5,1,1,4,-2,5,4,2,5,5,1,1,4,2,5,6,6,8,6,5,2,6,8,3,9,3,4,8,3,8,7,6,7,3,4,7,6,1,2,3,8,8,3,9,4,3,10,2,1,7,1,2,2,1,4,7,5,5,6,4,4,2,2,1,4,80,62,77,16,7,11,11,9,9,7,7,7,7,8,8,7,7,The effect of age and gender on political views,2,22,201,1,65,56,11.80112621
12/5/2018 12:39,12/5/2018 12:53,789,2,18,6,12,6,6,,2,5,2,5,2,,1,,5,2,1,0,0,2,3,8,5,4,7,1,2,3,4,4,2,5,1,3,6,1,9,4,9,4,3,5,6,6,6,7,4,3,6,6,1,5,7,3,5,8,3,9,7,9,9,2,2,9,1,2,1,1,3,2,5,4,2,7,4,2,7,5,5,19,,80,1,2,1,1,6,11,1,1,1,1,2,2,4,8,,1,22,150,0,16,26,
12/5/2018 13:16,12/5/2018 13:29,787,1,18,1,1,5,1,,7,1,7,1,2,,1,,5,4,1,-2,-2,7,1,8,1,2,9,9,8,3,1,2,1,8,1,1,5,2,8,9,6,1,2,4,8,1,3,8,4,9,4,4,3,4,4,1,7,8,3,9,7,8,1,2,,,1,2,1,1,7,1,7,7,2,7,1,7,7,5,4,61,100,53,1,1,6,6,1,1,1,1,1,1,1,1,1,1,To what degree does religious affiliation tie to political and social beliefs?,3,4,97,0,12,12,-4.887250735
12/5/2018 15:41,12/5/2018 15:51,624,3,18,6,11,6,3,,3,6,2,6,2,,1,,5,2,1,-1,0,7,1,8,1,1,8,8,7,5,1,2,1,7,1,1,5,1,9,9,9,1,5,1,9,8,1,7,2,9,5,8,1,8,9,1,5,8,3,9,7,9,3,2,6,2,1,2,1,1,4,1,7,7,1,7,4,7,7,4,2,,,,1,1,1,1,1,1,1,1,1,1,1,1,5,5,Do you agree with the president's tweets,2,23,78,0,11,11,
12/5/2018 17:28,12/5/2018 17:39,690,2,19,6,4,5,1,,7,5,6,4,2,,1,,5,3,1,6,5,5,3,4,3,3,8,7,5,3,3,6,1,7,2,1,4,6,8,7,8,2,1,6,8,2,6,3,6,4,4,3,3,5,6,3,3,8,3,9,6,8,2,2,9,,1,2,1,1,2,3,7,7,1,6,6,7,6,2,5,25,10,23,1,1,1,1,1,2,3,2,1,1,2,4,3,2,How consistent are people in their political beliefs?,3,12,145,0,12,13,-7.374993415
12/5/2018 18:41,12/5/2018 18:54,727,1,18,6,11,6,6,,2,6,2,6,1,,1,,5,2,1,3,2,3,5,3,7,8,4,3,5,2,6,5,6,4,8,5,4,7,5,4,4,5,4,9,3,3,6,4,5,6,4,4,4,5,5,6,5,8,3,9,7,7,4,5,8,5,2,1,2,2,2,6,3,2,6,3,4,2,4,4,6,83,88,75,16,4,8,4,8,4,8,3,10,3,8,3,9,3,,1,24,212,4,67,24,10.3941169
12/5/2018 18:29,12/5/2018 19:53,5052,1,20,6,11,7,5,,1,7,1,7,2,,3,,5,3,1,3,3,5,4,6,6,6,6,5,5,2,5,5,4,7,6,5,3,5,5,3,8,5,6,7,3,6,4,3,3,7,2,4,5,3,3,2,7,8,3,9,4,5,1,2,3,3,2,1,2,2,5,4,7,5,2,6,2,6,6,2,5,50,35,50,1,3,3,4,1,3,1,5,1,3,1,3,5,3,How does reading and comprehension correlate?,3,28,177,4,13,24,-1.238644746
12/5/2018 20:18,12/5/2018 20:36,1070,1,18,6,6,6,5,,7,1,7,1,2,,1,,5,4,1,1,-1,4,1,6,3,5,6,4,5,1,3,2,1,6,4,1,8,5,9,5,8,4,6,3,9,6,3,8,3,7,5,6,5,4,6,1,5,8,3,9,4,5,3,2,3,5,2,2,1,1,4,3,7,7,1,7,4,7,7,3,6,61,70,60,1,1,4,5,1,2,4,3,5,4,2,3,1,1,If religion and politics coincide with one another,2,4,134,1,18,19,-3.033810906
12/5/2018 20:57,12/5/2018 21:13,968,1,19,1,4,7,1,,7,1,6,2,2,,2,,5,3,1,-1,1,6,2,8,3,2,6,4,6,4,2,1,1,9,1,1,6,2,9,8,9,2,2,5,7,6,7,7,3,2,6,4,6,3,5,2,6,8,3,9,10,10,1,2,,,1,2,1,1,6,1,7,7,4,7,3,7,7,3,7,0,,,1,1,1,1,1,2,1,2,1,1,1,1,1,1,How does religion shape one's political ideologies?,3,6,121,0,7,9,
12/5/2018 16:37,12/5/2018 21:42,18298,1,19,6,1,6,5,,6,4,4,5,2,,3,,5,3,1,8,2,9,5,9,2,1,5,6,7,6,1,1,1,8,3,1,6,7,9,8,9,2,2,7,5,9,6,9,2,9,2,3,4,5,7,2,6,8,3,8,10,10,1,2,1,,1,2,1,1,5,4,7,6,7,7,7,7,7,4,4,0,0,0,1,1,1,1,1,1,1,1,1,1,1,1,1,1,Political views?,5,15,100,0,7,7,-5.367441734
12/5/2018 21:44,12/5/2018 22:03,1138,2,20,6,1,8,5,,2,6,2,6,1,,1,,5,1,1,1,1,1,2,2,3,6,6,7,5,1,4,7,4,7,7,5,5,3,5,5,9,6,4,7,3,5,7,4,6,5,5,1,6,2,4,4,5,6,3,9,7,3,10,2,1,8,2,1,1,1,5,6,1,5,7,2,6,6,2,1,6,80,72,85,3,4,2,1,8,7,8,8,5,8,6,9,10,7,Trumps tweets,3,24,186,2,42,44,12.41244905
12/5/2018 22:59,12/5/2018 23:13,852,2,19,6,3,7,5,,6,3,6,2,3,,2,,5,5,1,6,6,4,4,6,4,4,6,6,6,5,5,4,3,7,3,5,6,6,6,6,7,5,4,3,7,6,6,6,4,6,4,6,4,4,4,3,5,8,3,9,8,8,3,2,3,5,2,2,1,1,5,3,5,6,5,6,3,7,6,1,5,40,40,40,3,3,6,6,4,4,5,5,4,4,1,7,5,5,,1,9,154,1,28,34,-1.8038703
12/6/2018 0:35,12/6/2018 1:04,1737,2,25,1,1,7,5,,7,2,7,3,2,,1,,5,3,1,-8,-8,5,2,7,2,1,5,7,5,4,2,2,1,8,1,1,8,3,9,3,9,2,1,6,9,5,2,5,5,2,1,3,4,4,4,5,5,8,3,9,7,5,4,2,1,3,1,2,1,1,5,4,6,7,2,7,4,7,7,1,4,10,4,0,1,2,5,7,1,1,1,1,1,5,2,7,2,1,How liberal and conservitive people think,2,7,120,0,13,24,-8.656326506
12/6/2018 10:58,12/6/2018 11:38,2381,1,19,6,9,6,5,,6,2,6,2,2,,1,,5,1,1,2,1,6,3,8,3,3,7,5,6,3,3,4,3,8,9,3,5,3,9,5,9,3,4,5,7,5,3,5,6,5,6,6,2,5,3,5,3,8,3,1,6,5,7,,1,5,1,2,2,2,4,4,2,6,4,4,2,4,6,2,4,19,18,62,13,4,9,4,7,5,6,6,8,3,5,7,7,5,What I think about our goverment?,2,8,150,2,55,34,-3.663184988
12/6/2018 11:42,12/6/2018 12:09,1627,1,18,6,5,6,5,,5,4,5,2,2,,1,,5,1,1,0,2,7,2,9,1,3,9,9,6,6,3,3,1,9,4,2,5,3,7,7,9,6,2,3,5,5,6,5,4,8,4,4,3,4,5,4,5,8,3,9,5,5,1,2,1,1,1,2,1,1,4,5,7,2,4,4,1,4,7,1,4,50,50,50,13,3,1,3,5,5,10,10,2,5,1,2,5,3,how does a persons religion and politic views have a role in their values,2,12,118,0,37,31,3.791816101
12/6/2018 12:54,12/6/2018 13:08,870,1,19,6,10,7,1,,7,4,6,2,2,,6,middle eastern,5,1,1,2,2,7,3,9,2,3,9,9,9,2,2,1,1,6,2,1,7,3,9,8,9,1,3,2,8,2,2,6,3,9,6,4,3,6,2,2,5,8,3,9,7,8,1,2,5,,1,1,1,1,5,2,6,6,5,6,2,7,7,1,4,13,,20,3,3,1,2,1,1,7,7,1,1,2,8,5,6,age and opinion,2,9,102,1,20,28,
12/5/2018 13:24,12/6/2018 13:09,85518,1,28,6,11,6,6,,4,4,3,5,3,,1,,5,1,1,0,2,4,5,6,4,5,4,7,3,3,4,5,3,6,3,4,5,4,7,3,9,4,2,6,5,6,6,3,4,6,4,4,4,6,5,4,5,8,3,9,3,5,,,5,7,2,1,2,1,3,5,7,7,4,6,4,4,7,1,6,50,50,50,2,3,3,3,2,2,1,1,3,4,4,3,2,3,What are your political beliefs?,3,18,162,3,17,19,1.612055186
12/6/2018 13:50,12/6/2018 14:08,1105,1,20,6,8,7,5,,2,5,2,5,1,,1,,5,3,1,-3,-4,6,4,6,5,5,6,5,6,4,5,4,4,6,3,2,5,6,6,6,5,3,6,7,6,5,5,5,5,6,5,5,4,5,4,5,5,8,3,9,8,8,6,2,3,8,1,2,1,1,3,5,5,4,4,4,4,4,6,2,6,47,48,50,2,3,1,1,2,2,4,4,1,1,1,5,3,2,,1,22,166,0,14,18,3.464508836
12/6/2018 14:55,12/6/2018 15:08,793,1,20,6,9,7,5,,3,5,2,3,4,Green Party/ Progressive,1,,5,2,1,-4,2,7,2,6,3,3,8,4,6,3,2,2,1,7,1,2,7,3,8,8,8,2,2,3,7,7,6,6,3,8,4,3,2,4,6,2,6,8,3,9,,9,6,,4,3,1,2,2,1,5,2,6,7,2,6,4,6,7,5,5,7,1,10,1,1,1,2,1,1,1,1,1,1,1,1,2,2,How religion impacts political affiliation/ attitudes,5,19,110,1,8,9,-10.29047601
12/6/2018 15:38,12/6/2018 15:50,681,1,20,1,2,7,2,,6,2,6,2,3,,1,,5,2,1,5,4,7,4,8,4,4,8,7,7,4,4,4,2,8,5,2,8,4,9,6,8,2,2,6,8,6,2,5,5,6,5,7,4,5,7,4,5,8,3,9,10,6,5,2,1,5,1,2,2,1,5,2,5,6,4,6,3,5,7,2,4,49,50,49,3,2,3,3,4,3,5,5,3,3,2,2,2,2,,1,8,128,1,22,20,-2.546409277
12/6/2018 16:00,12/6/2018 16:26,1579,1,21,6,8,7,2,,6,2,6,2,2,,1,,5,3,1,-3,0,3,2,4,6,3,6,7,4,3,3,3,3,6,4,2,5,4,7,6,9,6,3,4,8,5,5,5,5,7,2,3,1,5,7,5,4,8,3,9,5,5,5,2,4,5,2,2,1,1,4,4,6,7,4,5,6,6,7,5,4,36,20,50,12,1,5,3,3,2,1,1,3,5,2,1,6,5,religion and the role of authority in the US population.,4,8,143,1,32,18,-4.009302827
12/6/2018 14:17,12/6/2018 17:49,12689,2,19,6,7,7,5,,1,7,1,6,4,Educated Voter,6,Nigerian,5,2,1,-3,-8,7,4,6,6,6,8,3,6,4,4,2,2,4,3,5,4,6,6,5,6,2,2,6,2,5,4,5,3,6,4,3,1,6,7,4,9,8,3,9,9,5,4,,2,4,2,2,1,1,5,5,6,5,4,5,1,5,4,1,5,50,40,60,2,6,3,5,4,5,4,3,1,5,5,5,5,5,Is religious affiliation tied with political views,3,27,148,1,24,34,3.192195858
12/6/2018 21:35,12/6/2018 22:29,3223,2,19,2,12,7,11,deist,1,1,2,1,4,Libertarian,1,,5,2,1,3,-3,7,2,2,4,3,7,9,8,2,7,3,2,9,6,2,9,2,7,2,9,6,2,8,8,9,4,9,4,9,2,3,4,5,7,1,9,8,3,9,9,4,8,2,1,10,2,2,2,1,7,5,2,6,7,5,1,3,6,1,2,65,20,95,3,2,7,11,5,9,11,10,5,5,11,10,1,4,Something regarding the Trump tweets. Political Agendas are a hot thing right now so it would be unsurprising.,5,15,118,2,43,51,2.924920649
12/6/2018 9:00,12/7/2018 9:14,87228,1,18,6,12,6,5,,3,5,5,5,1,,1,,5,1,1,0,0,4,4,2,6,6,4,3,4,3,6,5,5,6,5,5,5,5,8,2,9,4,5,6,5,8,5,7,5,3,3,6,5,4,4,4,5,8,3,9,5,4,9,2,1,7,1,2,2,1,5,7,4,4,6,4,5,1,2,2,5,81,60,82,16,8,10,10,10,10,9,9,7,7,7,7,8,8,How your demographics impact your political beliefs,2,18,184,1,67,59,13.99366758
12/15/2018 9:57,12/15/2018 10:08,659,2,21,6,1,7,5,,4,5,4,2,3,,1,,5,2,1,2,2,8,3,8,3,2,8,5,8,4,2,2,1,6,3,2,5,4,9,4,7,3,2,4,8,6,3,8,3,4,6,1,2,6,6,2,8,8,3,9,3,5,4,2,1,3,1,2,1,1,4,3,6,7,4,6,3,6,6,2,4,52,25,90,3,3,1,1,3,1,1,1,1,1,1,1,9,8,What are my political leanings,5,15,110,0,19,16,-2.072676637
4/17/2019 13:32,4/17/2019 13:51,1155,1,20,6,6,8,5,,5,4,3,2,4,Green Party,1,,5,5,1,-7,-7,5,2,5,2,2,8,5,4,4,1,1,1,7,3,1,3,1,5,7,9,5,7,5,5,6,4,6,4,9,1,1,1,5,5,3,7,8,3,9,6,4,5,2,1,2,1,1,2,1,6,4,7,7,4,7,1,6,7,1,2,40,53,34,1,1,3,1,1,1,2,2,1,1,1,1,1,1,Christianity and political views,2,14,120,2,10,8,-4.132802373
4/17/2019 15:17,4/17/2019 15:34,1008,1,20,6,8,7,5,,6,3,5,4,2,,1,,5,2,1,2,0,7,3,9,2,1,9,9,8,6,2,2,1,7,2,1,8,3,9,7,9,1,1,2,6,8,3,5,1,8,2,3,2,4,7,1,9,8,3,9,6,7,1,,6,,1,2,1,1,2,3,7,7,2,7,1,7,7,3,2,19,9,15,1,1,1,1,1,1,1,1,1,1,1,2,1,1,How do individual religious beliefs compare to political beliefs?,3,12,78,0,7,8,-14.24709904
4/17/2019 21:24,4/17/2019 22:03,2316,1,20,6,1,7,6,,5,4,3,4,1,,2,,5,4,1,0,-3,4,4,6,6,5,7,5,7,4,4,3,1,8,2,3,5,7,7,2,9,2,5,7,7,7,3,6,5,6,5,5,3,4,3,3,7,8,3,9,7,6,3,2,1,5,1,2,2,1,5,3,4,6,4,6,4,4,7,2,4,22,17,16,3,2,7,3,2,2,5,4,3,3,1,4,5,4,Is obedience to authoring the most important thing this country and our children need?,5,16,149,1,26,22,-4.965501411
4/18/2019 16:38,4/18/2019 22:41,21770,1,18,6,10,7,1,,6,2,5,1,2,,1,,5,1,1,4,6,6,2,6,4,4,8,8,7,5,2,2,1,7,3,1,6,5,8,7,8,1,2,5,6,5,3,5,2,8,5,4,3,5,5,3,7,8,3,9,7,6,3,2,6,2,1,2,1,1,3,2,6,7,3,7,2,6,7,6,4,23,3,41,1,1,2,1,1,1,1,1,1,1,1,1,1,1,relationship between political views and general knowledge/intelligence/personality,3,8,115,0,8,7,-12.50658936
4/19/2019 9:32,4/19/2019 9:55,1408,1,19,1,1,7,5,,3,5,5,2,3,,1,,5,4,1,2,6,7,3,7,3,3,9,8,7,4,2,3,2,7,2,1,6,4,8,7,9,2,2,6,9,6,3,6,3,6,3,5,8,6,7,2,4,8,3,9,9,8,1,2,5,2,1,2,1,1,6,1,7,7,2,6,5,7,7,3,2,5,3,5,1,1,1,1,1,1,5,7,1,1,7,8,2,5,,1,15,114,0,18,24,-10.6109034
4/19/2019 18:00,4/19/2019 19:20,4818,1,19,6,12,6,7,,3,6,2,6,4,I do not fall with one consistently.,1,,5,1,1,3,1,5,5,5,6,6,6,6,4,2,6,6,4,2,7,6,3,7,3,3,6,6,5,8,2,6,4,4,6,6,4,5,3,3,3,5,4,6,3,9,3,4,7,2,2,4,2,2,1,1,5,5,4,5,4,5,4,2,1,3,5,60,25,90,13,5,4,4,4,4,5,5,4,4,4,4,5,5,Whether people are actually paying attention to the questions? Like whether they are taking it seriously?,4,23,206,1,39,31,7.031374123
4/20/2019 21:18,4/20/2019 21:33,931,1,19,6,11,7,6,,5,3,2,5,1,,1,,5,2,1,2,1,3,5,6,8,6,7,7,3,2,3,3,7,8,3,2,8,5,9,6,8,8,2,7,6,8,8,4,7,2,6,6,3,7,4,6,8,8,3,9,7,8,,,4,7,1,2,2,1,4,5,3,6,4,6,1,2,2,5,2,71,62,73,14,6,6,6,6,6,6,6,6,6,6,6,6,6,people political study,3,17,169,1,50,42,-0.1102498699
4/21/2019 23:06,4/21/2019 23:23,1025,1,19,1,11,7,6,,3,6,2,6,1,,1,,5,1,1,4,6,5,4,5,7,9,5,6,5,5,5,5,6,6,4,9,5,6,8,4,9,5,7,7,2,5,3,5,6,5,5,4,5,5,3,3,4,8,3,9,6,7,,2,5,10,2,2,2,2,4,7,6,5,4,4,7,2,1,6,4,50,50,50,1,1,11,11,11,9,5,5,5,6,1,1,7,8,,2,23,188,3,41,41,7.320659301
4/22/2019 14:01,4/22/2019 14:34,1969,1,20,6,12,7,6,,3,6,2,5,3,,1,,5,2,1,2,4,3,2,3,3,4,3,7,4,3,2,3,1,7,3,2,5,4,9,6,9,8,3,7,4,3,7,6,5,2,5,8,6,3,4,3,5,8,3,9,4,6,,,3,7,1,1,1,1,5,3,6,6,4,6,3,3,7,2,4,40,20,80,12,3,4,5,4,6,3,2,1,1,3,2,4,4,how a person's socioeconomic status effects their beliefs on governmental rules on taxes,3,22,170,1,31,23,-0.421109661
4/23/2019 21:12,4/23/2019 21:40,1702,2,21,6,11,7,6,,2,7,2,6,1,,1,,5,3,1,2,4,4,8,5,8,6,8,7,6,2,5,4,8,8,5,8,2,2,5,5,8,6,8,8,2,2,3,4,8,4,7,6,5,5,4,5,7,8,3,9,6,3,7,2,5,8,2,1,2,2,5,6,4,2,4,3,4,5,3,3,7,50,50,50,13,5,10,10,8,8,5,5,7,7,8,8,5,5,What do people think of our current government and president Donald Trump?,3,25,202,4,56,48,8.257279076
4/23/2019 19:20,4/23/2019 21:48,8831,1,21,6,8,7,3,,2,2,3,2,2,,1,,5,2,1,-6,-6,6,2,7,1,7,7,8,3,2,2,4,2,9,3,1,8,1,1,2,1,3,1,3,9,2,5,8,3,6,2,5,2,6,7,2,8,8,3,9,9,5,6,,5,4,1,2,1,1,6,5,7,7,2,7,2,2,7,2,2,44,17,52,1,1,1,1,1,1,1,1,1,1,1,1,1,1,what is the correlation between religious/ political beliefs and values/morals,3,15,129,0,7,7,-2.773422289
4/25/2019 0:55,4/25/2019 1:29,2044,1,20,6,9,5,7,,2,6,2,6,1,,1,,5,1,1,0,0,4,4,6,6,6,6,7,6,3,5,4,2,6,4,4,5,6,4,6,6,4,3,6,4,7,3,7,4,6,3,3,3,6,4,3,3,8,3,9,8,6,7,2,1,8,2,1,2,1,5,6,5,3,6,4,3,4,2,2,4,80,70,85,14,6,4,4,6,7,6,7,6,5,4,5,7,7,Do all people with certain religious or political beliefs all think the same?,3,24,157,3,47,41,11.26360536
11/6/2019 13:10,11/6/2019 13:20,606,1,18,6,11,6,1,,6,2,6,2,2,,1,,5,3,1,5,0,8,1,8,3,3,9,7,7,1,6,2,1,5,3,1,5,4,9,2,9,1,4,8,8,7,3,6,3,9,4,6,2,4,8,2,7,8,3,9,8,8,6,2,,,1,2,1,1,4,2,6,7,4,7,2,6,7,1,7,47,42,41,3,3,1,1,2,2,1,1,1,1,3,3,4,4,,1,8,118,0,15,15,-3.216461538
11/6/2019 21:59,11/6/2019 22:40,2442,2,18,6,11,6,6,,4,6,2,6,1,,1,,5,1,1,5,5,3,8,3,9,9,6,3,2,1,8,9,8,7,6,4,5,4,9,3,8,4,4,8,2,8,8,6,8,1,5,7,6,2,2,6,2,8,3,1,7,3,4,2,2,2,2,1,2,2,2,7,2,7,7,7,1,7,1,2,5,90,90,90,16,8,11,11,11,11,11,11,11,11,11,11,11,11,I believe the investigation in the experiment was understanding how peoples religous beliefs relate to their political views.,4,22,228,4,82,74,3.41580867
11/7/2019 13:30,11/7/2019 13:43,784,1,19,1,1,7,5,,2,6,1,7,2,,3,,5,1,1,1,-3,7,2,6,7,2,9,7,5,1,1,3,1,9,3,3,5,7,7,3,9,2,7,5,2,1,1,9,1,8,1,2,2,6,7,1,7,8,3,9,7,5,4,2,3,,2,2,2,1,7,2,7,5,1,6,1,7,7,1,7,33,5,22,1,1,1,1,1,1,11,11,1,1,1,1,1,1,N/A,1,26,123,2,17,17,-4.140085929
11/9/2019 20:13,11/9/2019 20:42,1708,1,20,6,11,8,6,,4,5,2,2,3,,1,,5,1,1,4,-5,1,5,9,7,6,6,5,5,1,5,6,5,9,8,1,5,4,9,5,9,5,6,7,5,1,7,4,5,3,7,6,5,3,5,4,5,8,3,9,10,6,5,2,2,10,1,1,1,2,5,5,3,4,4,6,7,4,7,5,4,27,36,30,14,6,6,5,4,7,7,4,10,10,5,5,7,6,,1,17,189,2,53,43,-1.984179482
11/11/2019 22:33,11/11/2019 23:48,4518,1,19,6,11,5,5,,2,7,2,7,1,,1,,5,5,1,6,-1,5,6,6,7,5,7,5,5,1,6,7,5,8,5,7,5,9,2,5,9,6,8,7,2,5,7,5,7,2,7,7,6,5,3,7,5,8,3,9,8,6,7,2,4,6,2,1,2,1,4,5,4,6,4,4,1,4,2,2,6,40,20,30,13,5,3,1,7,5,6,6,8,6,5,5,5,5,Are political beliefs accurate compared to moral beliefs?,3,26,214,3,47,33,0.9138118402
11/12/2019 10:14,11/12/2019 17:14,25189,2,21,6,3,7,6,,2,2,3,4,3,,1,,5,4,1,4,1,6,6,4,6,6,7,6,5,4,4,5,3,5,5,4,4,5,7,6,4,5,5,7,5,4,4,3,4,6,4,4,6,4,4,5,6,8,3,9,7,3,7,2,4,6,1,2,2,2,5,4,6,6,4,5,3,6,6,4,5,75,70,72,12,3,4,3,3,3,3,3,4,5,4,4,5,4,,1,17,178,2,35,25,1.991455399
11/12/2019 17:18,11/12/2019 17:47,1722,1,18,6,9,6,5,,3,3,3,3,2,,1,,5,1,1,-4,1,3,2,2,4,3,3,3,6,1,2,7,2,8,2,3,7,2,8,1,9,2,3,6,5,8,6,8,3,3,3,6,3,2,7,2,4,8,3,9,9,5,4,,,6,2,2,2,1,2,6,3,7,2,7,3,3,7,1,6,85,74,100,2,5,2,2,6,4,11,11,9,9,3,4,9,9,Differences between political groups,5,16,153,2,42,44,1.611610254
11/18/2019 12:06,11/18/2019 12:20,880,1,24,6,1,8,5,,4,5,4,5,1,,1,,5,2,1,1,3,7,2,6,2,3,7,8,6,3,2,2,2,7,2,2,6,3,9,6,9,2,2,6,5,5,5,5,5,3,5,2,3,3,6,2,5,8,3,9,7,5,3,2,3,2,1,2,1,1,5,2,2,7,2,4,4,6,7,2,4,30,20,30,2,2,7,6,2,3,5,5,7,7,3,2,5,4,The correlation between someones political views and their reading comprehension skills,2,18,126,0,31,29,-7.31994258
11/18/2019 22:26,11/18/2019 22:40,868,1,18,6,7,6,6,,2,6,2,3,1,,1,,5,3,1,4,6,8,6,3,7,7,6,5,5,1,6,7,6,6,5,4,5,4,9,1,9,7,8,8,3,4,6,5,8,4,5,8,6,2,5,6,5,8,3,9,1,5,1,2,3,5,2,1,1,1,4,4,6,6,7,5,4,4,3,2,7,52,53,52,17,9,6,6,3,4,11,11,8,8,5,6,7,7,,1,21,208,2,57,51,6.928082042
11/25/2019 14:22,11/25/2019 14:32,583,1,22,6,1,7,1,,6,2,6,2,2,,1,,5,3,1,3,5,6,3,6,6,4,7,6,6,3,4,5,1,9,1,1,5,2,9,7,9,4,3,4,8,7,1,5,4,3,3,5,2,6,6,2,4,8,3,9,,10,1,2,,,1,2,1,1,6,2,7,7,2,6,2,6,7,1,2,0,,,1,1,1,1,1,1,1,1,1,1,1,1,1,1,Are college students more liberal?,3,8,123,0,7,7,
11/28/2019 11:52,11/28/2019 12:32,2424,1,18,6,4,6,5,,3,4,5,4,2,,6,African American and White,5,4,1,3,1,5,1,7,6,5,9,7,6,3,3,2,6,9,1,1,1,4,7,9,9,2,1,2,7,8,8,5,6,4,6,4,1,6,7,4,5,8,3,9,3,7,7,2,7,3,1,2,1,1,5,5,7,2,4,6,3,5,7,2,4,10,5,10,1,1,2,2,1,1,1,1,1,1,4,3,4,4,Todays College students on political views,5,16,129,0,14,13,-2.04888053
12/3/2019 8:45,12/3/2019 8:59,841,1,19,6,12,6,11,Church Of Jesus Christ of Latter Day Saints,2,6,2,6,1,,1,,5,1,1,0,-3,1,9,6,6,8,9,9,7,1,6,6,1,1,9,8,1,9,1,1,6,6,8,9,2,1,8,3,7,3,8,6,6,1,1,8,1,8,3,9,5,6,10,,,9,1,2,2,1,3,7,1,1,7,3,7,1,1,1,5,90,80,100,19,11,11,11,11,7,11,11,11,11,11,11,11,11,How people view their political beliefs and how they would be viewed on a spectrum,5,24,253,1,85,73,18.09072255
12/3/2019 11:47,12/3/2019 13:12,5128,1,20,1,1,7,5,,2,5,2,5,2,,3,,5,1,1,2,1,6,1,6,5,2,8,5,4,4,2,2,2,6,2,3,5,5,7,6,9,3,5,6,5,4,6,4,6,7,2,3,2,2,4,2,5,8,3,9,,5,4,2,5,4,1,1,2,1,7,2,6,7,1,5,4,4,7,2,4,20,21,1,1,1,1,1,1,2,2,2,1,1,1,1,1,1,Do you believe your religious beliefs affect your political views?,4,22,142,2,8,9,-5.073706634
12/4/2019 22:04,12/4/2019 22:20,959,2,19,6,11,7,2,,7,1,7,1,3,,1,,5,1,1,0,3,5,3,7,4,4,6,5,5,4,3,4,1,9,4,1,5,3,9,5,9,2,8,2,7,8,3,8,5,5,2,4,2,5,9,4,4,8,3,9,4,8,4,2,,6,1,2,2,,6,4,3,5,4,3,5,4,6,1,2,55,45,65,14,6,7,6,6,6,5,5,3,3,5,7,6,7,If being religious is more connected with being Republican.,3,4,124,,46,40,3.384021112